sha256,file_count,files
ad54e67c5c65fb705d8e437a66359f30d8477ecb4cca9779ea91eebc200a0ae6,26,"pano_1096,51.505832,-0.127424,.jpg;pano_1242,51.505894,-0.127088,.jpg;pano_1243,51.505883,-0.127066,.jpg;pano_1244,51.505912,-0.127058,.jpg;pano_2183,51.505874,-0.127126,.jpg;pano_2188,51.505906,-0.127098,.jpg;pano_2189,51.505907,-0.127092,.jpg;pano_2190,51.505854,-0.127079,.jpg;pano_2191,51.505855,-0.127073,.jpg;pano_2192,51.505867,-0.127078,.jpg;pano_2193,51.505877,-0.127107,.jpg;pano_2195,51.505896,-0.127072,.jpg;pano_2196,51.505869,-0.127063,.jpg;pano_2197,51.505897,-0.127068,.jpg;pano_2198,51.505908,-0.127057,.jpg;pano_2199,51.505905,-0.127058,.jpg;pano_2200,51.505902,-0.127059,.jpg;pano_2201,51.505898,-0.127064,.jpg;pano_2202,51.505900,-0.127061,.jpg;pano_2204,51.505863,-0.127037,.jpg;pano_2205,51.505867,-0.127042,.jpg;pano_2206,51.505870,-0.127054,.jpg;pano_2207,51.505869,-0.127050,.jpg;pano_2208,51.505868,-0.127046,.jpg;pano_2209,51.505865,-0.127039,.jpg;pano_908,51.505860,-0.127035,.jpg"
46bcfdf3f16a8042db7b8d259dcc59a234b26f05ad674e585dee2ecdd739c866,23,"pano_1012,51.508883,-0.129517,.jpg;pano_1013,51.508953,-0.129755,.jpg;pano_1014,51.508741,-0.129671,.jpg;pano_1015,51.508770,-0.129586,.jpg;pano_1018,51.508849,-0.129523,.jpg;pano_1020,51.508841,-0.129610,.jpg;pano_1023,51.508806,-0.129387,.jpg;pano_1030,51.508730,-0.129569,.jpg;pano_1036,51.508830,-0.129455,.jpg;pano_1133,51.508944,-0.129675,.jpg;pano_1329,51.508850,-0.129474,.jpg;pano_1330,51.508837,-0.129520,.jpg;pano_1331,51.508736,-0.129475,.jpg;pano_1842,51.508937,-0.129836,.jpg;pano_2104,51.508725,-0.129685,.jpg;pano_2107,51.508735,-0.129545,.jpg;pano_2111,51.508812,-0.129608,.jpg;pano_2112,51.508728,-0.129648,.jpg;pano_2135,51.508813,-0.129602,.jpg;pano_2136,51.508730,-0.129616,.jpg;pano_2327,51.508932,-0.129693,.jpg;pano_2328,51.508907,-0.129756,.jpg;pano_313,51.508936,-0.129557,.jpg"
f5f9dd97887a2b331ceb215ae1186afdf385047fd8a80f3024c0e9fc7c7c1e29,20,"pano_1021,51.508713,-0.129459,.jpg;pano_1026,51.508454,-0.129562,.jpg;pano_1027,51.508671,-0.129420,.jpg;pano_1029,51.508546,-0.129485,.jpg;pano_1337,51.508546,-0.129372,.jpg;pano_1406,51.508432,-0.129265,.jpg;pano_1407,51.508457,-0.129251,.jpg;pano_1408,51.508475,-0.129315,.jpg;pano_2053,51.508559,-0.129172,.jpg;pano_2106,51.508659,-0.129511,.jpg;pano_2113,51.508635,-0.129607,.jpg;pano_2114,51.508649,-0.129533,.jpg;pano_2116,51.508655,-0.129535,.jpg;pano_2117,51.508627,-0.129523,.jpg;pano_2125,51.508533,-0.129470,.jpg;pano_2126,51.508628,-0.129572,.jpg;pano_2127,51.508665,-0.129365,.jpg;pano_2128,51.508645,-0.129480,.jpg;pano_2133,51.508437,-0.129525,.jpg;pano_306,51.508428,-0.129486,.jpg"
ad40a9dddd41f5d752777f1c35e37ae59321252df1d468291ea67e44cebb9c3c,15,"pano_1039,51.509372,-0.130668,.jpg;pano_1045,51.509351,-0.130623,.jpg;pano_1154,51.509362,-0.130620,.jpg;pano_1851,51.509367,-0.130600,.jpg;pano_1853,51.509347,-0.130636,.jpg;pano_1963,51.509398,-0.130635,.jpg;pano_1965,51.509341,-0.130663,.jpg;pano_1969,51.509388,-0.130618,.jpg;pano_1970,51.509386,-0.130681,.jpg;pano_2309,51.509344,-0.130696,.jpg;pano_2310,51.509335,-0.130644,.jpg;pano_2315,51.509374,-0.130604,.jpg;pano_2316,51.509357,-0.130609,.jpg;pano_2319,51.509373,-0.130583,.jpg;pano_2323,51.509345,-0.130589,.jpg"
09b2a6ebc54145a1301171f77ae447d6500eed6352b154f07eacd59ce3fad1ef,14,"pano_1701,51.507571,-0.130090,.jpg;pano_1702,51.507543,-0.129986,.jpg;pano_1706,51.507554,-0.130028,.jpg;pano_1804,51.507547,-0.130002,.jpg;pano_1805,51.507538,-0.130003,.jpg;pano_1806,51.507525,-0.130020,.jpg;pano_1807,51.507501,-0.130040,.jpg;pano_1808,51.507482,-0.130067,.jpg;pano_1814,51.507559,-0.130048,.jpg;pano_1815,51.507545,-0.130068,.jpg;pano_1816,51.507518,-0.130099,.jpg;pano_1908,51.507581,-0.130113,.jpg;pano_201,51.507537,-0.130038,.jpg;pano_665,51.507507,-0.130072,.jpg"
d7ea25df08412dc2c1f393cd59707294338c366a647a8a5f7042eaea5b904fa7,14,"pano_1342,51.507346,-0.127590,.jpg;pano_2,51.507200,-0.127570,.jpg;pano_2225,51.507311,-0.127545,.jpg;pano_2229,51.507274,-0.127606,.jpg;pano_2230,51.507289,-0.127571,.jpg;pano_407,51.507219,-0.127511,.jpg;pano_568,51.507164,-0.127553,.jpg;pano_570,51.507252,-0.127594,.jpg;pano_977,51.507294,-0.127623,.jpg;pano_980,51.507297,-0.127614,.jpg;pano_982,51.507301,-0.127604,.jpg;pano_988,51.507320,-0.127590,.jpg;pano_990,51.507330,-0.127587,.jpg;pano_992,51.507337,-0.127587,.jpg"
d216a190c094b98734ca8577d7846ff6a6f6044a8ea38d5cbda7cf12ea78b076,13,"pano_1186,51.507960,-0.127041,.jpg;pano_1201,51.508023,-0.126992,.jpg;pano_1202,51.508035,-0.126995,.jpg;pano_1203,51.508055,-0.126996,.jpg;pano_1209,51.507990,-0.126960,.jpg;pano_1210,51.508007,-0.126963,.jpg;pano_1211,51.508056,-0.126981,.jpg;pano_1325,51.508050,-0.126896,.jpg;pano_1472,51.508041,-0.126950,.jpg;pano_2076,51.508026,-0.126896,.jpg;pano_231,51.508041,-0.126869,.jpg;pano_260,51.507962,-0.126956,.jpg;pano_468,51.507996,-0.127052,.jpg"
ee9696daf29aec6be5fdc3a5b134172c7b2f16dad41e44b226db4a0adb5bd2f5,12,"pano_2227,51.507293,-0.127708,.jpg;pano_2228,51.507271,-0.127645,.jpg;pano_225,51.507174,-0.127674,.jpg;pano_976,51.507291,-0.127638,.jpg;pano_978,51.507289,-0.127653,.jpg;pano_979,51.507290,-0.127666,.jpg;pano_981,51.507292,-0.127677,.jpg;pano_983,51.507296,-0.127689,.jpg;pano_985,51.507304,-0.127700,.jpg;pano_987,51.507315,-0.127710,.jpg;pano_989,51.507324,-0.127716,.jpg;pano_991,51.507337,-0.127721,.jpg"
2dbcb6fe4d8edcf31f49f81363d8b9d1095dc175262594cbdff1f7166a268706,11,"pano_1097,51.506332,-0.128168,.jpg;pano_118,51.506290,-0.127810,.jpg;pano_1280,51.506353,-0.127783,.jpg;pano_1601,51.506459,-0.128008,.jpg;pano_1603,51.506432,-0.128205,.jpg;pano_1604,51.506481,-0.127950,.jpg;pano_1605,51.506382,-0.127922,.jpg;pano_1606,51.506425,-0.127933,.jpg;pano_1991,51.506414,-0.128013,.jpg;pano_54,51.506434,-0.127871,.jpg;pano_55,51.506377,-0.128289,.jpg"
76b50417aab8f0b7082b493fc9aecf2525def256bb0dddc74ece2b5cd7e7c40f,10,"pano_1034,51.509434,-0.127608,.jpg;pano_181,51.509519,-0.127487,.jpg;pano_1928,51.509450,-0.127504,.jpg;pano_1934,51.509601,-0.127442,.jpg;pano_1940,51.509490,-0.127584,.jpg;pano_1941,51.509509,-0.127561,.jpg;pano_1942,51.509586,-0.127461,.jpg;pano_1943,51.509557,-0.127498,.jpg;pano_1945,51.509538,-0.127522,.jpg;pano_347,51.509493,-0.127441,.jpg"
082ca314591d168c474548c283ec2a472f8f944c7d139c2417e3ae6814de26a2,9,"pano_1607,51.506195,-0.129390,.jpg;pano_1608,51.506187,-0.129354,.jpg;pano_1988,51.506285,-0.129281,.jpg;pano_2238,51.506251,-0.129303,.jpg;pano_2239,51.506265,-0.129331,.jpg;pano_2245,51.506322,-0.129323,.jpg;pano_382,51.506244,-0.129261,.jpg;pano_873,51.506348,-0.129276,.jpg;pano_874,51.506296,-0.129368,.jpg"
0ce9520b366f66150397530b28049b118fb698bbe6b16b4a0a030376ae04ce52,9,"pano_1229,51.507036,-0.127641,.jpg;pano_1231,51.506948,-0.127582,.jpg;pano_1255,51.506994,-0.127569,.jpg;pano_1256,51.507023,-0.127585,.jpg;pano_1257,51.507044,-0.127603,.jpg;pano_206,51.507013,-0.127665,.jpg;pano_211,51.506965,-0.127624,.jpg;pano_234,51.506994,-0.127654,.jpg;pano_406,51.507006,-0.127525,.jpg"
64a2187c105d7c8ad98b3aa4a39ed71eb2d9a03de4b40d25d84aadee3cba15d3,9,"pano_147,51.507859,-0.125596,.jpg;pano_1902,51.507883,-0.125545,.jpg;pano_1903,51.507875,-0.125531,.jpg;pano_1904,51.507884,-0.125560,.jpg;pano_1981,51.507854,-0.125585,.jpg;pano_204,51.507918,-0.125526,.jpg;pano_205,51.507869,-0.125594,.jpg;pano_282,51.507869,-0.125538,.jpg;pano_926,51.507950,-0.125438,.jpg"
a883edf333357386169d8141866dbdec61cf3bd205f5c19d2b643d37adcaa8e5,9,"pano_1187,51.508003,-0.126655,.jpg;pano_1204,51.507992,-0.126815,.jpg;pano_1326,51.508013,-0.126737,.jpg;pano_1470,51.508032,-0.126729,.jpg;pano_1481,51.508018,-0.126746,.jpg;pano_1482,51.508028,-0.126765,.jpg;pano_2074,51.507992,-0.126782,.jpg;pano_210,51.508051,-0.126801,.jpg;pano_217,51.508041,-0.126829,.jpg"
bd9e7baa8c0e79864fb93893b1575a7a1f75170b64f20bd8651b013993692e2e,9,"pano_1277,51.506822,-0.127989,.jpg;pano_1278,51.506825,-0.127976,.jpg;pano_1281,51.506823,-0.127982,.jpg;pano_1282,51.506789,-0.127968,.jpg;pano_220,51.506836,-0.127981,.jpg;pano_859,51.506825,-0.128029,.jpg;pano_860,51.506804,-0.128052,.jpg;pano_861,51.506770,-0.128107,.jpg;pano_862,51.506738,-0.128200,.jpg"
c51db13ce3bb511f7277ddcee77df5bd2b88266590e0e29edfb70065a0f00924,9,"pano_1228,51.507064,-0.127842,.jpg;pano_1262,51.507104,-0.127786,.jpg;pano_1263,51.507101,-0.127817,.jpg;pano_1264,51.507097,-0.127848,.jpg;pano_214,51.507168,-0.127809,.jpg;pano_221,51.507034,-0.127750,.jpg;pano_38,51.507163,-0.127765,.jpg;pano_563,51.507118,-0.127867,.jpg;pano_854,51.507067,-0.127803,.jpg"
068c70f94924fd956a9e38275eb0ab4b923919ae7c2ae1edd59e77159866cad8,8,"pano_1214,51.507872,-0.131144,.jpg;pano_1215,51.507845,-0.131235,.jpg;pano_1712,51.507792,-0.131230,.jpg;pano_1713,51.507797,-0.131212,.jpg;pano_1716,51.507841,-0.131017,.jpg;pano_1721,51.507857,-0.131030,.jpg;pano_326,51.507801,-0.131199,.jpg;pano_327,51.507831,-0.131106,.jpg"
0dc5f360b6f9e8720d0b38af79383ebd5c835997c1dcddadd6e93f8ad9bd3317,8,"pano_1098,51.506597,-0.127392,.jpg;pano_1100,51.506588,-0.127436,.jpg;pano_1236,51.506596,-0.127383,.jpg;pano_1237,51.506587,-0.127381,.jpg;pano_1238,51.506573,-0.127386,.jpg;pano_1239,51.506563,-0.127387,.jpg;pano_280,51.506561,-0.127419,.jpg;pano_48,51.506645,-0.127306,.jpg"
2143d796fa434151beac2a5a13599255493a8db6a21137564e246a5ed534beef,8,"pano_1040,51.509496,-0.130774,.jpg;pano_1043,51.509436,-0.130850,.jpg;pano_1044,51.509470,-0.130880,.jpg;pano_1828,51.509501,-0.130850,.jpg;pano_1833,51.509448,-0.130813,.jpg;pano_1834,51.509482,-0.130838,.jpg;pano_2306,51.509475,-0.130833,.jpg;pano_2307,51.509463,-0.130824,.jpg"
70451a1fc97929adba49c1428f511bee172b52a61396a55763615f32baf7b39f,8,"pano_1127,51.507785,-0.130407,.jpg;pano_1793,51.507802,-0.130258,.jpg;pano_1794,51.507775,-0.130245,.jpg;pano_1796,51.507817,-0.130259,.jpg;pano_202,51.507793,-0.130363,.jpg;pano_297,51.507763,-0.130353,.jpg;pano_367,51.507827,-0.130369,.jpg;pano_690,51.507806,-0.130312,.jpg"
932ba25dd7e82448a0b25e39b5e75726fe557f0e53597d1733e91330d49906a1,8,"pano_1005,51.509213,-0.127509,.jpg;pano_1161,51.509301,-0.127215,.jpg;pano_1181,51.509233,-0.127276,.jpg;pano_1182,51.509258,-0.127379,.jpg;pano_1946,51.509264,-0.127350,.jpg;pano_1947,51.509280,-0.127206,.jpg;pano_374,51.509312,-0.127300,.jpg;pano_819,51.509271,-0.127286,.jpg"
b04ecef3a6ce6f81ab258627b4144dbe91a4f77358a0160a0bab6e14a5bc87f0,8,"pano_1484,51.508459,-0.127411,.jpg;pano_2081,51.508457,-0.127466,.jpg;pano_2088,51.508416,-0.127418,.jpg;pano_307,51.508415,-0.127421,.jpg;pano_308,51.508423,-0.127371,.jpg;pano_309,51.508426,-0.127427,.jpg;pano_457,51.508440,-0.127441,.jpg;pano_473,51.508463,-0.127381,.jpg"
b821d08f6fc093ef0ec82eea8d85080e3afc0cfda733e28d9dfa2770a197d31b,8,"pano_1288,51.508882,-0.131908,.jpg;pano_1375,51.508915,-0.131968,.jpg;pano_1855,51.508842,-0.131897,.jpg;pano_1856,51.508857,-0.131886,.jpg;pano_1857,51.508872,-0.131858,.jpg;pano_1860,51.508912,-0.131911,.jpg;pano_1861,51.508907,-0.131930,.jpg;pano_1862,51.508907,-0.131949,.jpg"
bc38fc74e4658ab9c8136baeaeb04c7e843bed50d592bb27b1904e829a057811,8,"pano_110,51.507735,-0.127246,.jpg;pano_1399,51.507756,-0.127196,.jpg;pano_2236,51.507782,-0.127243,.jpg;pano_423,51.507762,-0.127200,.jpg;pano_509,51.507761,-0.127279,.jpg;pano_510,51.507795,-0.127224,.jpg;pano_552,51.507802,-0.127245,.jpg;pano_553,51.507817,-0.127227,.jpg"
cb8051424d2951202f2d5eac908fcfb4453aea28c6e54074742d2bd267366134,8,"pano_1757,51.508186,-0.129888,.jpg;pano_1758,51.508220,-0.129891,.jpg;pano_1761,51.508200,-0.129877,.jpg;pano_1765,51.508207,-0.129880,.jpg;pano_1766,51.508192,-0.129878,.jpg;pano_1771,51.508235,-0.129763,.jpg;pano_1774,51.508232,-0.129796,.jpg;pano_1775,51.508221,-0.129822,.jpg"
d1280506a22320571fc9bd1b72d3f72dc6f45c00d2bd253186241fd75b927fda,8,"pano_111,51.507824,-0.127150,.jpg;pano_1400,51.507827,-0.127171,.jpg;pano_1401,51.507881,-0.127174,.jpg;pano_489,51.507830,-0.127248,.jpg;pano_490,51.507850,-0.127239,.jpg;pano_518,51.507833,-0.127191,.jpg;pano_520,51.507878,-0.127188,.jpg;pano_555,51.507861,-0.127209,.jpg"
e210dd3aefde126c11cbe9231a3a9384952f3a578fe87daa61fb6b9a38ef862b,8,"pano_1676,51.508383,-0.124281,.jpg;pano_1677,51.508408,-0.124261,.jpg;pano_1681,51.508396,-0.124277,.jpg;pano_1689,51.508390,-0.124298,.jpg;pano_1690,51.508402,-0.124321,.jpg;pano_2014,51.508334,-0.124279,.jpg;pano_2334,51.508365,-0.124280,.jpg;pano_30,51.508379,-0.124357,.jpg"
e41dac6d5133fb24a4096c5df292c0be956e8d3b9969e43ca6914b585c5926d4,8,"pano_1271,51.506938,-0.128076,.jpg;pano_1272,51.506922,-0.128074,.jpg;pano_1274,51.506906,-0.128057,.jpg;pano_1275,51.506897,-0.128034,.jpg;pano_1276,51.506890,-0.128028,.jpg;pano_1279,51.506859,-0.128014,.jpg;pano_851,51.506887,-0.128078,.jpg;pano_858,51.506874,-0.128011,.jpg"
f0e98cb248a3337fa74ce19eb7623125a9d26a457167c5552adfeba8ff463d8d,8,"pano_1069,51.508294,-0.125673,.jpg;pano_1654,51.508385,-0.125577,.jpg;pano_2144,51.508310,-0.125614,.jpg;pano_2145,51.508295,-0.125641,.jpg;pano_2148,51.508318,-0.125543,.jpg;pano_2158,51.508331,-0.125647,.jpg;pano_2159,51.508292,-0.125584,.jpg;pano_826,51.508355,-0.125529,.jpg"
18a958f0611925bf691a30412cee057444001c4137cc93c4667d190fd2985bd1,7,"pano_109,51.507675,-0.127395,.jpg;pano_424,51.507649,-0.127478,.jpg;pano_505,51.507674,-0.127498,.jpg;pano_506,51.507686,-0.127460,.jpg;pano_549,51.507716,-0.127440,.jpg;pano_585,51.507649,-0.127367,.jpg;pano_586,51.507701,-0.127424,.jpg"
1b3b303e86d41c5067eb8c313a005466719bffe96f182162466a8935bad36c24,7,"pano_140,51.505184,-0.129480,.jpg;pano_2176,51.505320,-0.129137,.jpg;pano_2177,51.505324,-0.129208,.jpg;pano_2181,51.505253,-0.129390,.jpg;pano_2224,51.505310,-0.129210,.jpg;pano_781,51.505220,-0.129436,.jpg;pano_782,51.505262,-0.129419,.jpg"
2efbc25844d3e1d702013d7361a9cd0ca3f8dc483e228f703d8173556e110b8d,7,"pano_1506,51.507279,-0.127227,.jpg;pano_527,51.507317,-0.127274,.jpg;pano_529,51.507329,-0.127199,.jpg;pano_530,51.507331,-0.127316,.jpg;pano_532,51.507360,-0.127301,.jpg;pano_571,51.507310,-0.127142,.jpg;pano_81,51.507302,-0.127341,.jpg"
3cf78b1126e9624d6efac1fa55c2ba2325c29de224c834c8d9e8093befe066d7,7,"pano_1844,51.508845,-0.131122,.jpg;pano_1845,51.508879,-0.131009,.jpg;pano_1976,51.508853,-0.131121,.jpg;pano_1977,51.508864,-0.131110,.jpg;pano_1978,51.508885,-0.131040,.jpg;pano_1979,51.508884,-0.131021,.jpg;pano_72,51.508838,-0.131044,.jpg"
5b5b8cdcdf424ed6ff0edccab92315292195d43d0fb6d967a1bc18905042e443,7,"pano_1835,51.509058,-0.130442,.jpg;pano_1843,51.509053,-0.130369,.jpg;pano_2312,51.509098,-0.130370,.jpg;pano_2313,51.509066,-0.130371,.jpg;pano_396,51.509054,-0.130466,.jpg;pano_398,51.509063,-0.130412,.jpg;pano_399,51.509119,-0.130455,.jpg"
742376f3723a3eb403d0360c466ee2951c3874c5c47b8e40189ac6ee690691d2,7,"pano_1226,51.507075,-0.127646,.jpg;pano_1258,51.507063,-0.127627,.jpg;pano_1259,51.507088,-0.127675,.jpg;pano_1260,51.507102,-0.127734,.jpg;pano_266,51.507036,-0.127722,.jpg;pano_853,51.507057,-0.127703,.jpg;pano_947,51.507056,-0.127668,.jpg"
a1441bfe62bc907e855fe8c6738f28b5c3b44cbb19e06547b3fe8b2ecb472d52,7,"pano_2023,51.508169,-0.125266,.jpg;pano_2025,51.508154,-0.125287,.jpg;pano_2036,51.508177,-0.125329,.jpg;pano_2037,51.508199,-0.125273,.jpg;pano_2099,51.508184,-0.125294,.jpg;pano_2100,51.508188,-0.125432,.jpg;pano_255,51.508170,-0.125315,.jpg"
a32eb17756ddea6616ea5693661ceeec96d641c3e86586501305679f9cd66358,7,"pano_1574,51.506876,-0.123812,.jpg;pano_1575,51.506860,-0.123774,.jpg;pano_1578,51.506855,-0.123734,.jpg;pano_1591,51.506918,-0.123698,.jpg;pano_450,51.506847,-0.123730,.jpg;pano_451,51.506872,-0.123744,.jpg;pano_452,51.506895,-0.123775,.jpg"
a77f25a8cf0582aeb17b6aa76171f0d02c49048a349de7556502a58c1ad9a8e0,7,"pano_1650,51.508581,-0.125683,.jpg;pano_1666,51.508574,-0.125672,.jpg;pano_1667,51.508582,-0.125661,.jpg;pano_1668,51.508581,-0.125660,.jpg;pano_1669,51.508581,-0.125667,.jpg;pano_1670,51.508578,-0.125663,.jpg;pano_442,51.508577,-0.125578,.jpg"
b64585593154b34563fddae01d645ec07f11f66b341ba1a4241e1ff925f012ec,7,"pano_430,51.507551,-0.128646,.jpg;pano_431,51.507572,-0.128691,.jpg;pano_512,51.507592,-0.128639,.jpg;pano_513,51.507608,-0.128664,.jpg;pano_542,51.507603,-0.128622,.jpg;pano_543,51.507613,-0.128643,.jpg;pano_670,51.507593,-0.128719,.jpg"
b75fcad2ceb681978b7f4ebc572e9a04fe208d3b07c21b5c121428cab8952950,7,"pano_1488,51.508232,-0.129131,.jpg;pano_1785,51.508222,-0.129109,.jpg;pano_2049,51.508342,-0.129077,.jpg;pano_303,51.508325,-0.129107,.jpg;pano_611,51.508293,-0.129123,.jpg;pano_613,51.508285,-0.129091,.jpg;pano_615,51.508263,-0.129041,.jpg"
d7b2ff969c49ec0c4f7786c522417658468680050da89eeb85aadd46f3802102,7,"pano_300,51.508208,-0.128871,.jpg;pano_340,51.508196,-0.128737,.jpg;pano_454,51.508228,-0.128859,.jpg;pano_592,51.508184,-0.128805,.jpg;pano_593,51.508196,-0.128809,.jpg;pano_594,51.508207,-0.128803,.jpg;pano_595,51.508219,-0.128793,.jpg"
f03dea680827dc6a42951ec598eea8c31946ec034f9306e639e7d7319a839710,7,"pano_1731,51.508003,-0.130422,.jpg;pano_1754,51.508049,-0.130305,.jpg;pano_1755,51.508045,-0.130282,.jpg;pano_1762,51.508038,-0.130331,.jpg;pano_1763,51.508012,-0.130397,.jpg;pano_1764,51.508022,-0.130371,.jpg;pano_2293,51.508013,-0.130422,.jpg"
f11b0560446bdcd612d74ce7c6cd5aabf8cc199962ab8b199184b0042c1833e3,7,"pano_2268,51.505285,-0.125732,.jpg;pano_2269,51.505306,-0.125731,.jpg;pano_2270,51.505326,-0.125719,.jpg;pano_2271,51.505342,-0.125697,.jpg;pano_2272,51.505353,-0.125668,.jpg;pano_2282,51.505231,-0.125640,.jpg;pano_2284,51.505248,-0.125701,.jpg"
f242ea227654d891bf50d61a91ecb7bea0d30cfddf8774500b83d7f369942857,7,"pano_103,51.506990,-0.128101,.jpg;pano_1267,51.507024,-0.128000,.jpg;pano_1268,51.506977,-0.128067,.jpg;pano_1269,51.506967,-0.128076,.jpg;pano_239,51.506973,-0.127960,.jpg;pano_559,51.507039,-0.128033,.jpg;pano_856,51.506947,-0.128038,.jpg"
15ec553412d568db982804f11b9b866eb76d780df79eb7a46cea40bfd23ce31c,6,"pano_1646,51.507689,-0.125792,.jpg;pano_1992,51.507676,-0.125810,.jpg;pano_1993,51.507685,-0.125797,.jpg;pano_924,51.507666,-0.125824,.jpg;pano_927,51.507680,-0.125818,.jpg;pano_928,51.507660,-0.125781,.jpg"
1ae63a1884b6e184f2e7fd5c8a148bfc35f114148ca80a026956878709bc498a,6,"pano_1414,51.505488,-0.126794,.jpg;pano_2217,51.505468,-0.126939,.jpg;pano_2218,51.505482,-0.126942,.jpg;pano_2220,51.505426,-0.126927,.jpg;pano_2221,51.505428,-0.126927,.jpg;pano_2222,51.505424,-0.126903,.jpg"
2756b92bdddfb193edf6f6ad948af0aff814108b67c74083f94e2fa5234d1a64,6,"pano_1152,51.508025,-0.124116,.jpg;pano_153,51.508069,-0.123937,.jpg;pano_159,51.508070,-0.124053,.jpg;pano_2035,51.508050,-0.124135,.jpg;pano_958,51.508051,-0.124072,.jpg;pano_960,51.507993,-0.124056,.jpg"
490036b76bf1232e5784b4387dcfeba3b80f6927acc961128b52a3c94978464f,6,"pano_2152,51.508514,-0.125226,.jpg;pano_2160,51.508575,-0.125176,.jpg;pano_2161,51.508537,-0.125111,.jpg;pano_2162,51.508611,-0.125156,.jpg;pano_2166,51.508518,-0.125078,.jpg;pano_609,51.508548,-0.125097,.jpg"
4bc1de2e7059e7546a76e4278833acd62f8643f8f16c11227313450442900169,6,"pano_1265,51.507085,-0.127883,.jpg;pano_1266,51.507072,-0.127908,.jpg;pano_216,51.506995,-0.127833,.jpg;pano_242,51.507018,-0.127846,.jpg;pano_560,51.507053,-0.127890,.jpg;pano_561,51.507110,-0.127960,.jpg"
4c51102b922a45a9faf079ceabf922c25028a840400dc75fb1e7e647ff66ad76,6,"pano_2139,51.507891,-0.127267,.jpg;pano_262,51.507924,-0.127277,.jpg;pano_491,51.507910,-0.127235,.jpg;pano_556,51.507910,-0.127213,.jpg;pano_67,51.507868,-0.127235,.jpg;pano_801,51.507890,-0.127233,.jpg"
68dd5660cd04e9f80b6e6b576ee13e6bbdc33acf2cbd2be00e8ba36fcbd67826,6,"pano_1627,51.507238,-0.125412,.jpg;pano_1628,51.507264,-0.125422,.jpg;pano_1629,51.507216,-0.125415,.jpg;pano_1635,51.507278,-0.125310,.jpg;pano_2262,51.507239,-0.125332,.jpg;pano_42,51.507235,-0.125363,.jpg"
73f647c96216d998153a9739c3d940f1bbeb38c976d801d39b485a50d2a39447,6,"pano_1421,51.506201,-0.124200,.jpg;pano_1528,51.506149,-0.124404,.jpg;pano_287,51.506168,-0.124294,.jpg;pano_446,51.506139,-0.124369,.jpg;pano_447,51.506200,-0.124218,.jpg;pano_933,51.506201,-0.124293,.jpg"
811efa95025b25e3fa64c939358a9aaacc95ce8562844b0ff80a8e6a03f336f7,6,"pano_1164,51.509435,-0.126953,.jpg;pano_1315,51.509439,-0.127032,.jpg;pano_1320,51.509435,-0.126907,.jpg;pano_1879,51.509427,-0.126933,.jpg;pano_341,51.509462,-0.127041,.jpg;pano_939,51.509456,-0.126975,.jpg"
84c4381c49133c070b43fd4c9d39c0c8f1761b0e8ce87e8f2a97b8221ef08b27,6,"pano_1715,51.508073,-0.131221,.jpg;pano_1727,51.508101,-0.131214,.jpg;pano_1733,51.508093,-0.131226,.jpg;pano_1743,51.508164,-0.131319,.jpg;pano_1745,51.508153,-0.131293,.jpg;pano_1746,51.508132,-0.131269,.jpg"
a45aa7d2cf59ac47b4d7f4a8f31678de3a0ba8068863cbdf8b0f0bee920a2323,6,"pano_180,51.508570,-0.127021,.jpg;pano_437,51.508647,-0.127058,.jpg;pano_624,51.508598,-0.127022,.jpg;pano_626,51.508599,-0.127059,.jpg;pano_627,51.508610,-0.127098,.jpg;pano_817,51.508552,-0.127021,.jpg"
a5a85a2f98882bb19df0a9dd9babca5436fe59c44df357f6612059e95973c9a6,6,"pano_1622,51.507142,-0.125252,.jpg;pano_1623,51.507157,-0.125267,.jpg;pano_1625,51.507147,-0.125367,.jpg;pano_1626,51.507200,-0.125419,.jpg;pano_1659,51.507155,-0.125407,.jpg;pano_2335,51.507140,-0.125323,.jpg"
c8fc9f7fe46343542cef99625a911f2ab355684f48de6e19306d6dde5de18309,6,"pano_495,51.507559,-0.128431,.jpg;pano_535,51.507579,-0.128352,.jpg;pano_536,51.507584,-0.128459,.jpg;pano_671,51.507528,-0.128502,.jpg;pano_672,51.507524,-0.128429,.jpg;pano_811,51.507519,-0.128365,.jpg"
c8ffcf6dbee55fe8becaa0fe4b85f2278c8efbffe16290302b63abe81723bac7,6,"pano_218,51.507679,-0.128769,.jpg;pano_229,51.507630,-0.128746,.jpg;pano_514,51.507666,-0.128709,.jpg;pano_545,51.507645,-0.128668,.jpg;pano_813,51.507621,-0.128799,.jpg;pano_944,51.507639,-0.128692,.jpg"
c9bd3d282992b34690e5b8672a0d4c25edc0a6ff87b192cb6d82235a018e721d,6,"pano_1177,51.508701,-0.127190,.jpg;pano_1323,51.508650,-0.127117,.jpg;pano_477,51.508650,-0.127184,.jpg;pano_478,51.508651,-0.127234,.jpg;pano_631,51.508671,-0.127143,.jpg;pano_633,51.508679,-0.127102,.jpg"
d2c1753c266b98a92d85b58961349a05214864ab0c8669aa562dd0ff7c6728f4,6,"pano_1156,51.509338,-0.130742,.jpg;pano_1832,51.509371,-0.130762,.jpg;pano_1964,51.509373,-0.130728,.jpg;pano_1967,51.509352,-0.130776,.jpg;pano_2295,51.509360,-0.130765,.jpg;pano_2304,51.509380,-0.130746,.jpg"
e42324d077fae814db166544c35f4f8fc81c765dcfc3b7cee467b11227aca58f,6,"pano_1349,51.507483,-0.127757,.jpg;pano_1350,51.507473,-0.127729,.jpg;pano_1353,51.507427,-0.127705,.jpg;pano_2231,51.507449,-0.127714,.jpg;pano_996,51.507365,-0.127706,.jpg;pano_998,51.507372,-0.127693,.jpg"
f5ecaf8aa7cca81c3548893118ad32300cad77fd6101c7f5777ecdff613a0686,6,"pano_2265,51.505052,-0.125526,.jpg;pano_2266,51.505183,-0.125585,.jpg;pano_2267,51.505233,-0.125606,.jpg;pano_2274,51.505354,-0.125603,.jpg;pano_2280,51.505254,-0.125552,.jpg;pano_2281,51.505241,-0.125576,.jpg"
f6d06d3b75a4370644d9159930efba2094a39c9ec704b560cf2272ff5460fa60,6,"pano_1208,51.507959,-0.126952,.jpg;pano_2083,51.507954,-0.126995,.jpg;pano_2084,51.507873,-0.126989,.jpg;pano_240,51.507919,-0.127033,.jpg;pano_948,51.507916,-0.127075,.jpg;pano_950,51.507915,-0.127105,.jpg"
fbe02dcded9460f864d948a33db9feec905b2765d5837cce119599590ea0c98f,6,"pano_1877,51.510036,-0.124799,.jpg;pano_1895,51.510086,-0.124665,.jpg;pano_1896,51.510019,-0.124779,.jpg;pano_1897,51.510076,-0.124654,.jpg;pano_1898,51.510048,-0.124716,.jpg;pano_2255,51.510077,-0.124748,.jpg"
0c3057375d3e102854eadea8ecdc7a4e3f5f92cf77dc62b8d5431e074fc65e67,5,"pano_1136,51.507099,-0.128624,.jpg;pano_1499,51.507059,-0.128655,.jpg;pano_1500,51.507061,-0.128668,.jpg;pano_1501,51.507087,-0.128660,.jpg;pano_1502,51.507103,-0.128655,.jpg"
19c52e8bb1a641fb04fd274890f26b176545676c4730754971967ee3b95fad2f,5,"pano_1088,51.507455,-0.128791,.jpg;pano_1301,51.507430,-0.128854,.jpg;pano_1302,51.507406,-0.128860,.jpg;pano_162,51.507460,-0.128844,.jpg;pano_836,51.507503,-0.128849,.jpg"
1bfd03e4ec15789954cd14d1d6c661d894ec22ed2a85320600ed2e519b72c434,5,"pano_1193,51.509449,-0.125892,.jpg;pano_1883,51.509441,-0.125947,.jpg;pano_1884,51.509439,-0.125832,.jpg;pano_1885,51.509440,-0.125892,.jpg;pano_1887,51.509433,-0.125832,.jpg"
1da43aedc90700a3badbc4064232d2714df84d0918ba26e0d79f1fb1c18bb705,5,"pano_144,51.508266,-0.125677,.jpg;pano_1655,51.508329,-0.125733,.jpg;pano_1656,51.508345,-0.125755,.jpg;pano_1675,51.508386,-0.125809,.jpg;pano_824,51.508362,-0.125780,.jpg"
2a0b5170d0e4f488ca198c33a8e93e819ea4d97108249e68da5d655a2b5f7cd2,5,"pano_1783,51.508184,-0.129081,.jpg;pano_1784,51.508205,-0.129093,.jpg;pano_2050,51.508224,-0.128918,.jpg;pano_614,51.508252,-0.129025,.jpg;pano_616,51.508237,-0.129007,.jpg"
2dbf31b1f54cff0952e04f48e51994039b9630440e5e4aa1c9f8ab83315ef061,5,"pano_148,51.507981,-0.125319,.jpg;pano_2006,51.507983,-0.125338,.jpg;pano_2011,51.507979,-0.125382,.jpg;pano_2146,51.508160,-0.125649,.jpg;pano_2147,51.508174,-0.125593,.jpg"
34fe7606ce04a9bb0d12ef719dfc50d079d9d0a4129a24c4c69cab9674c38aea,5,"pano_2056,51.508431,-0.127534,.jpg;pano_456,51.508393,-0.127563,.jpg;pano_602,51.508415,-0.127505,.jpg;pano_604,51.508425,-0.127517,.jpg;pano_605,51.508433,-0.127552,.jpg"
3a00ab40708015d727605000cd8690b9f5d1fbc9143783c85dbccea3a6321430,5,"pano_1781,51.508246,-0.129211,.jpg;pano_2047,51.508352,-0.129130,.jpg;pano_2048,51.508358,-0.129176,.jpg;pano_612,51.508296,-0.129150,.jpg;pano_617,51.508296,-0.129208,.jpg"
4ac980457d3179b01d31636db33ee32a55d545a1fa17c23cb9898270a06ee9cb,5,"pano_1672,51.508588,-0.125948,.jpg;pano_1673,51.508644,-0.125949,.jpg;pano_254,51.508554,-0.125945,.jpg;pano_444,51.508612,-0.125949,.jpg;pano_640,51.508582,-0.125950,.jpg"
582c116d3d9173b162273686d02d2b19e6d0a606d6aed00c250bbc0b95e7a816,5,"pano_1232,51.506790,-0.127500,.jpg;pano_1253,51.506781,-0.127465,.jpg;pano_241,51.506763,-0.127522,.jpg;pano_831,51.506790,-0.127370,.jpg;pano_99,51.506850,-0.127396,.jpg"
5a64cd5b16e7f3c642291df48c7895231f9174323f5113dfa75ade22f0451593,5,"pano_1493,51.507183,-0.129020,.jpg;pano_1509,51.507219,-0.129009,.jpg;pano_1510,51.507222,-0.129033,.jpg;pano_1511,51.507228,-0.129065,.jpg;pano_1515,51.507238,-0.129135,.jpg"
64ead02163a9a112d8e7885f8c4d27c5bffae1508ed0a52822a4177d21622600,5,"pano_1328,51.507867,-0.126970,.jpg;pano_1471,51.507920,-0.126930,.jpg;pano_350,51.507875,-0.126899,.jpg;pano_946,51.507895,-0.126917,.jpg;pano_952,51.507858,-0.126883,.jpg"
6517255fe61f7a0f8f915d5fca574a2d648c8a331e296c24a42998877cf5af55,5,"pano_1643,51.507482,-0.124948,.jpg;pano_2015,51.507500,-0.124845,.jpg;pano_2016,51.507473,-0.124904,.jpg;pano_41,51.507488,-0.124872,.jpg;pano_841,51.507507,-0.124830,.jpg"
6997d83ba8689ae11f227d291575f4baad4eb57ed82c5a9207724ed0d15c46ba,5,"pano_1217,51.507677,-0.131238,.jpg;pano_1708,51.507721,-0.131209,.jpg;pano_1709,51.507754,-0.131205,.jpg;pano_1711,51.507735,-0.131201,.jpg;pano_325,51.507705,-0.131136,.jpg"
6e4046324eead7e760624885507830f86f584e7e8c196195c31270744b0b0309,5,"pano_1403,51.508385,-0.129239,.jpg;pano_1404,51.508398,-0.129267,.jpg;pano_1405,51.508413,-0.129271,.jpg;pano_1777,51.508360,-0.129227,.jpg;pano_816,51.508362,-0.129292,.jpg"
7e33216ba6cf2270a6ec706b95cccd00233f955d442ad424076965ee6c346bec,5,"pano_1153,51.507790,-0.127317,.jpg;pano_259,51.507820,-0.127305,.jpg;pano_488,51.507804,-0.127288,.jpg;pano_557,51.507835,-0.127285,.jpg;pano_558,51.507851,-0.127272,.jpg"
90d27c15f27352d44c3a99060c195743e85c56ef4f6ca3238369456efd598e65,5,"pano_25,51.507537,-0.128604,.jpg;pano_497,51.507566,-0.128522,.jpg;pano_498,51.507569,-0.128553,.jpg;pano_501,51.507584,-0.128618,.jpg;pano_537,51.507588,-0.128540,.jpg"
925aa1585fae65ee5cd429811d2a8969a8206ea6adbbfbcaf0635a2e7184b674,5,"pano_108,51.507330,-0.127134,.jpg;pano_1294,51.507425,-0.127021,.jpg;pano_1297,51.507328,-0.127106,.jpg;pano_1462,51.507456,-0.126987,.jpg;pano_574,51.507384,-0.127054,.jpg"
97a4daf5b77efcab83c88445a4c30f68c1ae02dfeabf81a35b0fd9f28d28e876,5,"pano_1900,51.508876,-0.125149,.jpg;pano_2253,51.508808,-0.125057,.jpg;pano_391,51.508813,-0.125137,.jpg;pano_392,51.508836,-0.125095,.jpg;pano_439,51.508859,-0.125126,.jpg"
9b1e70368c6a06819a443bd1120abc8649b2281ea330729090000c4d59178a33,5,"pano_1769,51.508852,-0.130218,.jpg;pano_1973,51.508833,-0.130205,.jpg;pano_2314,51.508845,-0.130212,.jpg;pano_2330,51.508810,-0.130190,.jpg;pano_2332,51.508839,-0.130209,.jpg"
9c0aa71ccbb3c8c739cd16748fb13d1c103d4ad24a049366acfc7ed600d978de,5,"pano_114,51.507571,-0.127158,.jpg;pano_1295,51.507551,-0.127088,.jpg;pano_141,51.507562,-0.127076,.jpg;pano_2167,51.507580,-0.127103,.jpg;pano_583,51.507587,-0.127210,.jpg"
a10212d16acaa91e766a268b16d8533cc5678f0360d8af137b426f40866880d1,5,"pano_1038,51.509435,-0.129986,.jpg;pano_1131,51.509438,-0.129942,.jpg;pano_1132,51.509449,-0.129885,.jpg;pano_1160,51.509425,-0.129856,.jpg;pano_2317,51.509444,-0.129991,.jpg"
a2144c05d0b1a6b85e81751104b02971c91313b08c2153579400ebfc811e2936,5,"pano_1684,51.508685,-0.123946,.jpg;pano_1685,51.508692,-0.123945,.jpg;pano_1686,51.508706,-0.123968,.jpg;pano_1692,51.508714,-0.123911,.jpg;pano_932,51.508705,-0.123901,.jpg"
aa6a59c1421a487a3b7e3aa1a1d6953a75e270994c1a89f296947c9c2a42e8d7,5,"pano_1205,51.507981,-0.126833,.jpg;pano_1206,51.507974,-0.126855,.jpg;pano_1327,51.507925,-0.126859,.jpg;pano_1473,51.507928,-0.126904,.jpg;pano_378,51.507971,-0.126891,.jpg"
ade05a920f77f2471acbe03d9b77b1a5c3c372805173e09804d64496739e50a3,5,"pano_1644,51.507789,-0.125530,.jpg;pano_1645,51.507818,-0.125599,.jpg;pano_1906,51.507837,-0.125626,.jpg;pano_40,51.507832,-0.125542,.jpg;pano_929,51.507817,-0.125595,.jpg"
b355fa80590c2022b15bc2b79d182cf00966f89dd5fc15f804b2035f5ea11850,5,"pano_1081,51.508329,-0.129276,.jpg;pano_115,51.508292,-0.129263,.jpg;pano_1779,51.508244,-0.129251,.jpg;pano_1782,51.508239,-0.129293,.jpg;pano_226,51.508286,-0.129340,.jpg"
bde5fa4b2193bf618b52e73c52ece26fff47a76e7e7b46bbf75b21a906987ddb,5,"pano_1729,51.508283,-0.130656,.jpg;pano_1730,51.508276,-0.130635,.jpg;pano_1748,51.508282,-0.130646,.jpg;pano_1749,51.508297,-0.130667,.jpg;pano_71,51.508339,-0.130626,.jpg"
bf445aa3944c5bef81f0e121ba71aed99c3c9a95c7b1a938df07a9b3b3a3832d,5,"pano_1049,51.507287,-0.128197,.jpg;pano_1050,51.507317,-0.128285,.jpg;pano_1303,51.507304,-0.128262,.jpg;pano_253,51.507322,-0.128250,.jpg;pano_336,51.507380,-0.128182,.jpg"
c3d4fa1a45631f13f4f4a37cc8efeac478bbda5b8718acfea21c62074f16ba5a,5,"pano_1216,51.507599,-0.131251,.jpg;pano_1218,51.507618,-0.131189,.jpg;pano_1800,51.507559,-0.131215,.jpg;pano_1803,51.507581,-0.131235,.jpg;pano_2256,51.507624,-0.131274,.jpg"
c6a2ac0d3f78417f5e451c326bb0349491d3c6e27fee10b739c8e258089ef086,5,"pano_1990,51.506355,-0.128788,.jpg;pano_867,51.506503,-0.128718,.jpg;pano_868,51.506445,-0.128782,.jpg;pano_869,51.506413,-0.128854,.jpg;pano_870,51.506385,-0.128974,.jpg"
cbbab2515bb7a3166d2b8965af93ef39e4dcf7bfcec378e37b06bb9784327896,5,"pano_1355,51.507413,-0.128965,.jpg;pano_1514,51.507436,-0.129059,.jpg;pano_1517,51.507416,-0.129051,.jpg;pano_1824,51.507446,-0.129089,.jpg;pano_1825,51.507427,-0.129053,.jpg"
cc8a4f8f68a838ebe2d676af1ef08199a7205c84f09e4b7d3f725666639e22e1,5,"pano_1110,51.506839,-0.130595,.jpg;pano_1111,51.506780,-0.130542,.jpg;pano_1112,51.506754,-0.130516,.jpg;pano_1113,51.506745,-0.130466,.jpg;pano_1984,51.506791,-0.130553,.jpg"
cda749b4b6f8520f5baadc2a05010292122fc1194e2a3d6838d64c4ef805ab86,5,"pano_1305,51.506244,-0.129239,.jpg;pano_1602,51.506314,-0.129090,.jpg;pano_2240,51.506259,-0.129148,.jpg;pano_2241,51.506270,-0.129067,.jpg;pano_2242,51.506276,-0.129027,.jpg"
d2c4dae7fdc063931909f36abb25f1c1214fd93ff90d062ccf5de7ea9892edb0,5,"pano_1056,51.508725,-0.124943,.jpg;pano_2000,51.508693,-0.124894,.jpg;pano_257,51.508735,-0.124855,.jpg;pano_434,51.508740,-0.124969,.jpg;pano_830,51.508708,-0.124919,.jpg"
e6e47cf1d3f4c54cc98826846d1a0b39b85944fc3a4e537f690dd718c6756352,5,"pano_1339,51.508263,-0.129463,.jpg;pano_1772,51.508330,-0.129455,.jpg;pano_1776,51.508339,-0.129409,.jpg;pano_2120,51.508379,-0.129608,.jpg;pano_2132,51.508421,-0.129574,.jpg"
e8156378c36882c48ce99605c841f256ea90be04fac61c4de0504f4138a639da,5,"pano_1042,51.509463,-0.130746,.jpg;pano_1838,51.509417,-0.130624,.jpg;pano_1968,51.509419,-0.130639,.jpg;pano_2248,51.509410,-0.130701,.jpg;pano_2308,51.509407,-0.130628,.jpg"
ef5e6d95aeba1b36ecd7678aaeb529321421bc83da805ee523690d64c18fd93c,5,"pano_1384,51.506785,-0.129057,.jpg;pano_1410,51.506761,-0.129163,.jpg;pano_1411,51.506768,-0.129247,.jpg;pano_888,51.506772,-0.129131,.jpg;pano_893,51.506787,-0.129201,.jpg"
02f36a4e4b9306a8df4fa37db80790df0aff681be3bdfca87f30ae75fcbd3115,4,"pano_1933,51.509561,-0.126986,.jpg;pano_1950,51.509544,-0.126876,.jpg;pano_1951,51.509554,-0.126903,.jpg;pano_1954,51.509557,-0.126937,.jpg"
0fda05823c7ad6ebfdb8b44489edb918a490fc4760d01b3db6368ff9f5921d8d,4,"pano_1348,51.507552,-0.127526,.jpg;pano_2168,51.507456,-0.127559,.jpg;pano_2169,51.507432,-0.127565,.jpg;pano_588,51.507462,-0.127609,.jpg"
1e9430b2a065038a838653a7faba15b972459e2667b6cfbe7273ad0e0278751a,4,"pano_258,51.507509,-0.127222,.jpg;pano_680,51.507455,-0.127280,.jpg;pano_681,51.507479,-0.127299,.jpg;pano_682,51.507497,-0.127322,.jpg"
1ee99909f876886beb821298cf923cb1de06570475d6bb4c773b1965ba0fea8e,4,"pano_117,51.508085,-0.126920,.jpg;pano_2077,51.508066,-0.126913,.jpg;pano_2078,51.508083,-0.126976,.jpg;pano_469,51.508061,-0.127072,.jpg"
2718dbf5315f595372b9b8ae83bde663c4d581cd27703e95309671493a2d9d3c,4,"pano_1831,51.509197,-0.131179,.jpg;pano_1961,51.509188,-0.131200,.jpg;pano_1966,51.509144,-0.131147,.jpg;pano_66,51.509154,-0.131197,.jpg"
2d615048057d644be07e69c8abc36f6b012f7b3c12db6b9034e0721227730fab,4,"pano_1225,51.509486,-0.126945,.jpg;pano_345,51.509523,-0.127046,.jpg;pano_57,51.509504,-0.126941,.jpg;pano_940,51.509470,-0.126956,.jpg"
2d987b2e99c9d788b5d1aeee54e0b39c706b6e32121dffff91d67aa6ee058d01,4,"pano_1121,51.507424,-0.130365,.jpg;pano_1811,51.507406,-0.130370,.jpg;pano_1818,51.507464,-0.130373,.jpg;pano_1819,51.507450,-0.130441,.jpg"
3686d3cdf079a85aa811a275beb3342e6170b17727866064017e431137c7bb73,4,"pano_139,51.509510,-0.124284,.jpg;pano_1448,51.509556,-0.124346,.jpg;pano_291,51.509546,-0.124248,.jpg;pano_292,51.509574,-0.124236,.jpg"
374f83fffb5fbb0fec4dbc5dfd5e1fcb223e6a03a5b59feabb4a7bfda53c88c5,4,"pano_1542,51.506878,-0.124902,.jpg;pano_1543,51.506892,-0.124923,.jpg;pano_1544,51.506877,-0.124909,.jpg;pano_1570,51.506895,-0.124941,.jpg"
3ea37b23ea02a4336d83528876a9aab4c2ff7b544573bb1b53ed4b6443944a9e,4,"pano_1052,51.507333,-0.128292,.jpg;pano_533,51.507420,-0.128352,.jpg;pano_573,51.507360,-0.128279,.jpg;pano_576,51.507429,-0.128239,.jpg"
426e8e8d990577f22f718955badf03d867890940aa03adf591aefb6e490990fd,4,"pano_1150,51.509497,-0.127136,.jpg;pano_1224,51.509480,-0.127201,.jpg;pano_1939,51.509570,-0.127127,.jpg;pano_349,51.509536,-0.127135,.jpg"
4c185227f98467ab738e2369de61df912519c311cf58b5a8e312b199f2566df1,4,"pano_1386,51.506623,-0.128666,.jpg;pano_865,51.506604,-0.128693,.jpg;pano_866,51.506556,-0.128696,.jpg;pano_942,51.506681,-0.128790,.jpg"
56f5486e50713097b3a89090c9dc74521b650aafec6463990192d4ace5ce27c0,4,"pano_1486,51.507613,-0.128833,.jpg;pano_209,51.507547,-0.128842,.jpg;pano_812,51.507584,-0.128832,.jpg;pano_835,51.507529,-0.128846,.jpg"
5e7a917c533c9b662b526b91db547dd1e2150d8041fedc5bb618d730290badff,4,"pano_105,51.507158,-0.128058,.jpg;pano_684,51.507221,-0.128027,.jpg;pano_876,51.507223,-0.128127,.jpg;pano_945,51.507173,-0.128105,.jpg"
676b30da8a37ddea1d8c508ff4800a64f4e1086e028d3b0af345f54d7e078cf5,4,"pano_1790,51.507905,-0.130231,.jpg;pano_1791,51.507867,-0.130254,.jpg;pano_1792,51.507836,-0.130260,.jpg;pano_298,51.507862,-0.130362,.jpg"
6e100c72e6e0b0bc201dd7d91a3232dd224b181445d05bfefeec744d62cff5ce,4,"pano_1454,51.508390,-0.124984,.jpg;pano_2093,51.508404,-0.125011,.jpg;pano_2095,51.508412,-0.125034,.jpg;pano_2097,51.508407,-0.125017,.jpg"
717d1af0f655da879e4b1599d2ccfc4e09d4462cde28ca6bd40fa21d0a7969b6,4,"pano_338,51.507651,-0.128640,.jpg;pano_484,51.507607,-0.128552,.jpg;pano_486,51.507623,-0.128620,.jpg;pano_962,51.507668,-0.128580,.jpg"
7dc023002e39b810be9855d07438e9323eb0430cc0f7582e12122a86efdbce4b,4,"pano_1734,51.508170,-0.131331,.jpg;pano_1735,51.508165,-0.131306,.jpg;pano_1736,51.508175,-0.131276,.jpg;pano_1744,51.508120,-0.131254,.jpg"
7f3f1f3844c55b495a1c38f6706afcbe90604ac0b4bd5900f961e213a0d857bf,4,"pano_1058,51.509475,-0.129903,.jpg;pano_1157,51.509508,-0.129963,.jpg;pano_2250,51.509457,-0.129948,.jpg;pano_23,51.509480,-0.129954,.jpg"
8ff23e5d7a3019ff7625534f8cf2c885abba5573002b6267d3846bf0c0887785,4,"pano_2065,51.508459,-0.127684,.jpg;pano_603,51.508423,-0.127617,.jpg;pano_606,51.508430,-0.127580,.jpg;pano_967,51.508416,-0.127665,.jpg"
995fd1a85e7abb529e799b264d876e60c82a55511b0592f5f97bd1bfd87c6db1,4,"pano_1648,51.507628,-0.125880,.jpg;pano_1660,51.507635,-0.126002,.jpg;pano_920,51.507624,-0.126020,.jpg;pano_921,51.507647,-0.125983,.jpg"
99b297424ec42a5aa858e2e87fe2ca0af4df3b195cfe2b6caad81e195c8cc516,4,"pano_1415,51.504332,-0.130969,.jpg;pano_1417,51.504284,-0.130977,.jpg;pano_735,51.504316,-0.131047,.jpg;pano_767,51.504299,-0.131013,.jpg"
9c1ec3de6770cce5b86481a08a52319175c1032a87a3a8b9371f909643a4d4a9,4,"pano_1190,51.509529,-0.125896,.jpg;pano_1191,51.509592,-0.125884,.jpg;pano_1192,51.509569,-0.125894,.jpg;pano_1451,51.509544,-0.125897,.jpg"
a348c01422e6957a1ffe7d9dc2b28a89ff124c088f71a4c72281e27861fe6453,4,"pano_1223,51.509489,-0.126884,.jpg;pano_1452,51.509514,-0.126873,.jpg;pano_344,51.509464,-0.126802,.jpg;pano_369,51.509454,-0.126903,.jpg"
a9692cc4c0dd25faa1d0bc0e876aa5aac6832db89db7cf383c16428b85ccc1e0,4,"pano_2142,51.508268,-0.125542,.jpg;pano_2143,51.508254,-0.125566,.jpg;pano_2165,51.508250,-0.125510,.jpg;pano_638,51.508232,-0.125551,.jpg"
ac1d02019b0f688c299e78bfe3bca1417dc91d7ccbfe56d8d0d20058ab0f0a2e,4,"pano_1738,51.508375,-0.130720,.jpg;pano_1739,51.508387,-0.130727,.jpg;pano_1741,51.508365,-0.130724,.jpg;pano_1747,51.508356,-0.130714,.jpg"
b30db22fa8628516496a85057bfa5f3bd1da11d3bbfd2730de200ec1cf3b8480,4,"pano_1456,51.505223,-0.126770,.jpg;pano_1458,51.505231,-0.126773,.jpg;pano_277,51.505245,-0.126686,.jpg;pano_281,51.505222,-0.126824,.jpg"
b4076f7eeff4c8c5275a417041e33d0673c04e8eae102a863e17536a06d065b1,4,"pano_1932,51.508691,-0.127360,.jpg;pano_465,51.508693,-0.127298,.jpg;pano_480,51.508653,-0.127322,.jpg;pano_481,51.508653,-0.127354,.jpg"
b40fcf975d0258c261ba44944b81939495e6e698a934faad8ec1e9f09be6d5c6,4,"pano_1449,51.509543,-0.125793,.jpg;pano_1873,51.509544,-0.125775,.jpg;pano_1888,51.509447,-0.125787,.jpg;pano_59,51.509490,-0.125896,.jpg"
b4b6f4e04467fdd02a0f3c825f3cdff539b700bd33b9a660f33d251c0092e14c,4,"pano_1046,51.507336,-0.132360,.jpg;pano_1061,51.507309,-0.132302,.jpg;pano_1911,51.507345,-0.132323,.jpg;pano_810,51.507326,-0.132259,.jpg"
b57424c66aeeef6c390aa85b90282071534876fd71050ae8906ccee731c76846,4,"pano_100,51.507132,-0.127438,.jpg;pano_2073,51.507209,-0.127434,.jpg;pano_403,51.507168,-0.127439,.jpg;pano_565,51.507129,-0.127490,.jpg"
b6eb9ea88274593147646b288ce09d9b8e02630101997cfc01e61e703b1cebfa,4,"pano_719,51.504217,-0.130971,.jpg;pano_720,51.504220,-0.130987,.jpg;pano_721,51.504230,-0.130993,.jpg;pano_765,51.504205,-0.131032,.jpg"
bb751e0e76ac8a0df043ec8b9549d9fd20bdadd03a974101f024ff30327b43ec,4,"pano_1802,51.507666,-0.131313,.jpg;pano_2257,51.507633,-0.131283,.jpg;pano_385,51.507638,-0.131359,.jpg;pano_386,51.507655,-0.131303,.jpg"
bf37aaaa836a1dc3ea25ff9b067751d29a0c89c2c611917dec8bd848b627c843,4,"pano_1114,51.506826,-0.130238,.jpg;pano_1116,51.506890,-0.130228,.jpg;pano_1117,51.506950,-0.130281,.jpg;pano_1985,51.506901,-0.130238,.jpg"
c0c706589a3b84074fd0b35c887b001e32fdb38eaff0d07f0be09627758fbf5a,4,"pano_1108,51.506547,-0.131024,.jpg;pano_1109,51.506641,-0.131154,.jpg;pano_1380,51.506548,-0.131051,.jpg;pano_1381,51.506556,-0.131074,.jpg"
c36e77ee12cf78736fa16ea799a76832b3aea5b9bc09e2ddab2aa613bfbb9b21,4,"pano_1962,51.509161,-0.131268,.jpg;pano_2296,51.509161,-0.131290,.jpg;pano_2301,51.509147,-0.131299,.jpg;pano_2302,51.509156,-0.131288,.jpg"
c75cfa7e43c09ef8aa348b0bd2a46d5f57006bb00e85a1cb89144925ed5c838f,4,"pano_1159,51.509450,-0.130003,.jpg;pano_2290,51.509522,-0.130041,.jpg;pano_2291,51.509507,-0.130050,.jpg;pano_2292,51.509515,-0.130043,.jpg"
c9a6bbfeff43232140ea25551a7bcf46537ed9f3ae450ec2f6ae96e26413bb6c,4,"pano_2007,51.508286,-0.124707,.jpg;pano_2033,51.508251,-0.124761,.jpg;pano_2039,51.508230,-0.124719,.jpg;pano_2040,51.508266,-0.124671,.jpg"
cdc73164cf1a7572d9442ccd87bbd3a186c98855c14387102a3508fddc3707d8,4,"pano_1657,51.508452,-0.125902,.jpg;pano_1674,51.508406,-0.125833,.jpg;pano_821,51.508437,-0.125881,.jpg;pano_822,51.508420,-0.125856,.jpg"
d3cb4b243a7ac8d2cbfb6edfc1ab916050ae6c9e7924030406d68f72f358b9c0,4,"pano_1364,51.505347,-0.131088,.jpg;pano_1419,51.505327,-0.131087,.jpg;pano_1441,51.505346,-0.131157,.jpg;pano_1445,51.505341,-0.131133,.jpg"
da559d18beb05a87d0493002478ba6f9e7882f5ae0f801a6e60ab734f640edf6,4,"pano_142,51.508683,-0.123881,.jpg;pano_1678,51.508633,-0.123899,.jpg;pano_1679,51.508634,-0.123891,.jpg;pano_1680,51.508632,-0.123882,.jpg"
e01082897dfb24ffee5427d6b145e76b1aeecbc2e164c3841b2e32b6a3204bc3,4,"pano_1296,51.507301,-0.126848,.jpg;pano_1479,51.507408,-0.126847,.jpg;pano_1507,51.507269,-0.126975,.jpg;pano_531,51.507348,-0.126821,.jpg"
e0111240777d723d2c05608e97d935a63b309ba6fec00ef8b9162a8828e17be3,4,"pano_2027,51.508229,-0.124812,.jpg;pano_2028,51.508240,-0.124833,.jpg;pano_2030,51.508247,-0.124787,.jpg;pano_249,51.508190,-0.124849,.jpg"
e74499cfad9e4c0f057d7f2a66a651dd5f7945029042ac46d1ff5ec0747cb6ed,4,"pano_1101,51.506669,-0.127476,.jpg;pano_1234,51.506683,-0.127432,.jpg;pano_1235,51.506675,-0.127423,.jpg;pano_279,51.506694,-0.127489,.jpg"
f111717db7d4b0e6e92af3f11235d1b70de255eb7f0927f5341efe6153545020,4,"pano_1402,51.507926,-0.127201,.jpg;pano_2174,51.507958,-0.127238,.jpg;pano_521,51.507938,-0.127194,.jpg;pano_949,51.507911,-0.127188,.jpg"
f6517701edcc7f8693917f59eab17952598aa5b7a47921ef91e6bf9fc894cae1,4,"pano_1173,51.509562,-0.128561,.jpg;pano_1916,51.509574,-0.128540,.jpg;pano_320,51.509549,-0.128504,.jpg;pano_360,51.509332,-0.128543,.jpg"
fca911e25e544ae64212e77357e3f430e08b48c5bd3d6fda39c319bdad43e671,4,"pano_1809,51.507468,-0.130112,.jpg;pano_1817,51.507509,-0.130122,.jpg;pano_666,51.507487,-0.130116,.jpg;pano_667,51.507469,-0.130178,.jpg"
ffdb0493a131adfb00be6f2457aa4bebc81e12b2228646ccf8a97b99698b62fe,4,"pano_475,51.508474,-0.127223,.jpg;pano_476,51.508476,-0.127174,.jpg;pano_818,51.508482,-0.127060,.jpg;pano_820,51.508479,-0.127132,.jpg"
0495ac41894ce5cf410b3c4c4b1655b55707455ee6c168718f70be2d1447b382,3,"pano_1128,51.507882,-0.130482,.jpg;pano_1799,51.507894,-0.130492,.jpg;pano_808,51.507878,-0.130540,.jpg"
053860d68bb2c1bfe71f4992fc1534e7e807843251ca56cd23645f6906faa334,3,"pano_138,51.508614,-0.125600,.jpg;pano_1671,51.508665,-0.125605,.jpg;pano_372,51.508619,-0.125551,.jpg"
073512fb64e5dccd73498b122243693dba9b6e62b7cf6da1998b0062845f6b0b,3,"pano_1703,51.507528,-0.129854,.jpg;pano_790,51.507604,-0.129884,.jpg;pano_792,51.507600,-0.129847,.jpg"
0b29949dbe35b26bd2b10dba69bb5398c077afcdf9daa24b0ae1b2ff22d0f088,3,"pano_432,51.504034,-0.131497,.jpg;pano_651,51.504008,-0.131500,.jpg;pano_726,51.504050,-0.131511,.jpg"
0b559b4d29b553807829c04be32691ff9e1dbe0534f51aed49780de92d81066a,3,"pano_494,51.507559,-0.128171,.jpg;pano_673,51.507521,-0.128153,.jpg;pano_674,51.507533,-0.128021,.jpg"
0e00e07a65899133989a8e2380a5ab31317fcba87722f0ef7785e0798c19df1b,3,"pano_1197,51.509734,-0.125403,.jpg;pano_1356,51.509778,-0.125523,.jpg;pano_1876,51.509753,-0.125505,.jpg"
114b7e89f97eeb5b7957410351f3f962c3f6468204083f3060e85f73e1e534c1,3,"pano_112,51.507749,-0.127029,.jpg;pano_113,51.507683,-0.127054,.jpg;pano_1480,51.507694,-0.126913,.jpg"
132adfa2d7ddc7ced25a6efa2658528f956a7486250ccfb387dd06448044f191,3,"pano_1596,51.506075,-0.126843,.jpg;pano_912,51.506031,-0.126816,.jpg;pano_914,51.506058,-0.126832,.jpg"
137c86a8639a60bef2d9d6776c2832957dad4beba6d5a6d2af7d3e4e22ef63ae,3,"pano_1768,51.508482,-0.130008,.jpg;pano_1980,51.508477,-0.130109,.jpg;pano_2134,51.508569,-0.129692,.jpg"
140c07e7615a6dcb9ea0b19f51817709c591b3f1a7e0e029ffc764bf513bfe65,3,"pano_2046,51.508268,-0.128947,.jpg;pano_301,51.508257,-0.128824,.jpg;pano_455,51.508245,-0.128841,.jpg"
156df7075a8a0844da1fe912c289157b6436448da7c37ed4aa7e501d7acf7eda,3,"pano_1505,51.507226,-0.127321,.jpg;pano_683,51.507235,-0.127463,.jpg;pano_98,51.507254,-0.127413,.jpg"
15dade02c75051630ed244063eeaf97b16605cd6899aae408926f3cde80d7ab3,3,"pano_1830,51.509555,-0.131518,.jpg;pano_1847,51.509534,-0.131566,.jpg;pano_2300,51.509500,-0.131628,.jpg"
184ea76b83b393ea0b6d8ef40ee265729508d2fffbd2fb39b723662f57df8d02,3,"pano_1882,51.509064,-0.125945,.jpg;pano_1886,51.509025,-0.125818,.jpg;pano_283,51.509025,-0.125793,.jpg"
1daab0a65514fd2ac0510fbae7b0bc6e833285158f7e676f12e1e0c5f7aefcaa,3,"pano_1428,51.505297,-0.131178,.jpg;pano_1437,51.505302,-0.131153,.jpg;pano_89,51.505283,-0.131151,.jpg"
214c1c6b109db9382540ca4d7bf21ce97d2d7b719eb89f96aa0219c74cfcc899,3,"pano_2051,51.508170,-0.128894,.jpg;pano_215,51.508162,-0.128962,.jpg;pano_299,51.508166,-0.128917,.jpg"
2383edad8aa2d816290457aaa6185e78f11f2e8585aabd381b028e3d3f1a796d,3,"pano_2184,51.505688,-0.127011,.jpg;pano_2194,51.505682,-0.126955,.jpg;pano_2210,51.505668,-0.126977,.jpg"
261602dc9f0a79985709ef182e96c1a8664999520194ad682e128720ecb73312,3,"pano_1697,51.507645,-0.130846,.jpg;pano_662,51.507695,-0.130898,.jpg;pano_78,51.507695,-0.130859,.jpg"
273048ebcb92b9a6a9c50d71199e2a7ce814701276ed2f743e893947d432f882,3,"pano_1534,51.506028,-0.125507,.jpg;pano_1535,51.506004,-0.125588,.jpg;pano_445,51.506000,-0.125602,.jpg"
2b17a53b5f4b6dd9de09aa6723494b9fd18c9812362f7579d088479050d40cde,3,"pano_724,51.504408,-0.130969,.jpg;pano_736,51.504392,-0.131040,.jpg;pano_768,51.504393,-0.131003,.jpg"
2cf7e60e1508b3b6e211e97516e999275a8eec99fa94b78eb1f69fa9c288ed81,3,"pano_1687,51.508561,-0.124597,.jpg;pano_32,51.508535,-0.124635,.jpg;pano_689,51.508541,-0.124509,.jpg"
31daceba5c15610e370dc39bc68aca18119f7fe9cc246c7c10ac4afe72197ec8,3,"pano_1162,51.509367,-0.127320,.jpg;pano_1171,51.509427,-0.127262,.jpg;pano_1172,51.509407,-0.127265,.jpg"
33f946fafe3679bc0f515b4097bfbdbe9cf81a7627ad90030243c4812f894174,3,"pano_1300,51.507786,-0.126816,.jpg;pano_1466,51.507770,-0.126795,.jpg;pano_415,51.507804,-0.126836,.jpg"
3ad4c65b7b0947658292da2c674eb56ee92deec3abb35776d79b2c6f4e6f85d4,3,"pano_471,51.508556,-0.127279,.jpg;pano_472,51.508574,-0.127180,.jpg;pano_8,51.508569,-0.127248,.jpg"
3da0f1e008bdcf9ea7613a80b972c2d3250add87db249dd0f76cedb9c11fde16,3,"pano_1245,51.506051,-0.127120,.jpg;pano_1589,51.506054,-0.127104,.jpg;pano_1590,51.506062,-0.127067,.jpg"
3ea01015d2862746a3cceef3181fabc27866b5e5cb3eec1ed44fc57339e0971b,3,"pano_1495,51.507132,-0.128998,.jpg;pano_1496,51.507112,-0.129007,.jpg;pano_1498,51.507101,-0.129012,.jpg"
4056bee290dbead179b134f4d388126b28b14e05580b2db07d71dfcd841580b3,3,"pano_1759,51.508510,-0.130133,.jpg;pano_2110,51.508574,-0.129824,.jpg;pano_2121,51.508647,-0.129650,.jpg"
497ff7f7b5028b017bbf08600ca0602c19161fcbaeabae0481c700b0f1e949c9,3,"pano_1526,51.506057,-0.124392,.jpg;pano_1527,51.506126,-0.124373,.jpg;pano_1532,51.506072,-0.124484,.jpg"
4cfb65f155c423cf3406fd6795a80faa03e5e2796729b32a4519881f395501f2,3,"pano_1166,51.509453,-0.127168,.jpg;pano_1169,51.509451,-0.127226,.jpg;pano_1955,51.509431,-0.127134,.jpg"
51e25bf2dcea2a38621f3855aa0bd02a822435bf0fb87a53d79f846b88fe7b89,3,"pano_1009,51.508656,-0.128065,.jpg;pano_1022,51.508621,-0.128021,.jpg;pano_1336,51.508660,-0.128038,.jpg"
524f96111ec5ca997d1f8482dfb0bc37effeeb6a7cab97e837d19160826269fd,3,"pano_1717,51.507825,-0.130992,.jpg;pano_1718,51.507819,-0.130954,.jpg;pano_79,51.507756,-0.130966,.jpg"
536c51dc12f9fc7c8037f78263ffa9c01f631ded20965d1f2c61655bf4d149fc,3,"pano_2276,51.505331,-0.125550,.jpg;pano_2278,51.505293,-0.125530,.jpg;pano_2279,51.505272,-0.125536,.jpg"
544f1836482e52f7968933e6300c6382c039900d4711d163d41a2bd6978d5070,3,"pano_14,51.507639,-0.131129,.jpg;pano_1695,51.507629,-0.130988,.jpg;pano_323,51.507669,-0.131039,.jpg"
59557e843131af9d8222b3f94a2380774d8a55df35dbeb1c7ce3ed71ad77433b,3,"pano_1453,51.509627,-0.125861,.jpg;pano_1874,51.509636,-0.125765,.jpg;pano_935,51.509621,-0.126001,.jpg"
59fb4368ed3a9dce8475b4c017045a7dcf29adbff3c92bc2f948e77ede09c095,3,"pano_487,51.507700,-0.127570,.jpg;pano_547,51.507672,-0.127573,.jpg;pano_548,51.507689,-0.127511,.jpg"
5b60cf2abdf689221a8075c31434ac6f32c51e2677a89dbcad52396082278ff8,3,"pano_1041,51.509797,-0.131025,.jpg;pano_1057,51.509760,-0.130971,.jpg;pano_1848,51.509785,-0.130914,.jpg"
5d308d3cbf46c382e9960740e3bbb8eda973d974717afb94ab7a96d6c96c1a2f,3,"pano_274,51.506769,-0.128585,.jpg;pano_275,51.506661,-0.128657,.jpg;pano_904,51.506630,-0.128643,.jpg"
5eeacec7c9e3d9168d8d1568d5f5498ef57d4b2e8becf42b1d67e8bdf879dd7a,3,"pano_1360,51.509638,-0.128100,.jpg;pano_1377,51.509619,-0.128120,.jpg;pano_1925,51.509785,-0.128070,.jpg"
60899d2ada2907497e49ec275018ba5cfc6f752f93e0473580f01d535d26f672,3,"pano_1551,51.506319,-0.125679,.jpg;pano_1553,51.506296,-0.125766,.jpg;pano_1557,51.506323,-0.125662,.jpg"
6158628e98277a282b34030f00001c670dfedd1398027e7092658866903831df,3,"pano_1640,51.507589,-0.125819,.jpg;pano_2261,51.507610,-0.125851,.jpg;pano_39,51.507588,-0.125883,.jpg"
627585ee54227867d3b2a68eebf157ff5532940dccfc4c8df3688c3e18fdcaa8,3,"pano_44,51.508152,-0.123940,.jpg;pano_899,51.508160,-0.124036,.jpg;pano_957,51.508117,-0.123881,.jpg"
65c54d1313acc97fbf6f9256ce79ab9f35d747024e5addddca43cc22a661745c,3,"pano_1387,51.506729,-0.128258,.jpg;pano_798,51.506778,-0.128409,.jpg;pano_863,51.506727,-0.128316,.jpg"
6fbe9c70d6cc5cafa184f021b0bb4dd0326b7d5294d4e3006e9dbc2a10ab7996,3,"pano_187,51.508626,-0.125490,.jpg;pano_621,51.508649,-0.125448,.jpg;pano_622,51.508679,-0.125391,.jpg"
708198c2f57df4fd348f533d2bacd55c4181beacc7c322c12343bc2c9b0737ba,3,"pano_198,51.507761,-0.131168,.jpg;pano_658,51.507781,-0.131042,.jpg;pano_660,51.507739,-0.131155,.jpg"
75f51b5732e741d41906b6c35d578e1bf78846c0994b9c0a060cc4089ac58eb3,3,"pano_244,51.507968,-0.124286,.jpg;pano_248,51.507970,-0.124208,.jpg;pano_897,51.507981,-0.124309,.jpg"
770f1e5a7e5a9fe97087d55ca2ac9b78efbba9cb115d5b1899059f7eaedd9a64,3,"pano_2071,51.507436,-0.127278,.jpg;pano_2170,51.507387,-0.127226,.jpg;pano_3,51.507400,-0.127286,.jpg"
8b86642eca2585b2ce020c35bcaceb394fb8cabc2a1efa2676b9269b79f9d007,3,"pano_1070,51.505971,-0.130526,.jpg;pano_1073,51.505943,-0.130598,.jpg;pano_1610,51.505872,-0.130523,.jpg"
8d0054227dd32a9b2b29d2facfd31c996e6c73e9d681d90cc4641514be9679da,3,"pano_2055,51.508553,-0.127354,.jpg;pano_462,51.508606,-0.127345,.jpg;pano_470,51.508534,-0.127298,.jpg"
917e37cf45fa0671ead7d88a68a7f59bd94e87fdaec89bd261b848c8de1b65f3,3,"pano_493,51.507556,-0.128344,.jpg;pano_582,51.507556,-0.128229,.jpg;pano_83,51.507517,-0.128227,.jpg"
96ad81267b46ff9b519e2307df74ab896742af5c38f67e0e83b13998d02727bf,3,"pano_1174,51.506125,-0.127099,.jpg;pano_1241,51.506069,-0.127141,.jpg;pano_268,51.506074,-0.127158,.jpg"
98037e4c0fa3bb00637ae1c22127b2c363e26b9b96dc618e13d56c1be3db8011,3,"pano_1362,51.509672,-0.128053,.jpg;pano_1363,51.509587,-0.128108,.jpg;pano_1926,51.509707,-0.127944,.jpg"
a6e4023f9264aa6ddf94f54a8e0a243598ddd411d08d92121392eb9f4db0fb8c,3,"pano_1104,51.506805,-0.130691,.jpg;pano_1105,51.506743,-0.130635,.jpg;pano_1983,51.506759,-0.130648,.jpg"
a7aedd3478e7521f4b1f4fb280cece2a37fb5561a056fc6614516f98c7abd128,3,"pano_1376,51.507321,-0.128025,.jpg;pano_228,51.507363,-0.128028,.jpg;pano_528,51.507335,-0.128087,.jpg"
abe29847d576ea45ad62efe43a9a17acf8c3fe4b0e3dd3a5d293eb5e3e371bff,3,"pano_2004,51.507978,-0.125285,.jpg;pano_2005,51.507970,-0.125248,.jpg;pano_2010,51.507932,-0.125180,.jpg"
ae33da32f9c005f352adde297f71680e7db26bc9a6360d14ea58663292c336c3,3,"pano_1129,51.508696,-0.125188,.jpg;pano_1653,51.508608,-0.125188,.jpg;pano_608,51.508654,-0.125264,.jpg"
b3c64465dd9a6c7c378deed115c8534ca5697fdad4e5cd6a8bd22153ba0f2fae,3,"pano_131,51.506044,-0.125655,.jpg;pano_1536,51.506045,-0.125478,.jpg;pano_1556,51.506053,-0.125505,.jpg"
b55ba450dd07ac0e6c7c80bb5c261cc94aa87e2d197c8fcdf919891d9de81cdc,3,"pano_1854,51.509724,-0.129971,.jpg;pano_2298,51.509727,-0.129950,.jpg;pano_331,51.509755,-0.129960,.jpg"
b762023fce918b94866fcc11d35454831abd6c06c3f0a1f93bf2a7f275df4680,3,"pano_261,51.507432,-0.127937,.jpg;pano_577,51.507461,-0.128058,.jpg;pano_80,51.507446,-0.127996,.jpg"
be76a97f1297e90cba7678bda50f0868f7d0aef56eb9a90f92d0c866b9e7fcc0,3,"pano_133,51.508488,-0.125032,.jpg;pano_2155,51.508512,-0.125007,.jpg;pano_269,51.508444,-0.125054,.jpg"
c202629f377ec8fed755579e31a53cd65cee0a0a32c722f4c634e0d2fa3c7ab1,3,"pano_1989,51.506393,-0.129172,.jpg;pano_871,51.506385,-0.129055,.jpg;pano_872,51.506399,-0.129157,.jpg"
c2336ebdfcfc6737116e6858ab72a82198b8dae3892dc807684a7695b16e11c1,3,"pano_1051,51.507268,-0.128149,.jpg;pano_37,51.507289,-0.128015,.jpg;pano_875,51.507250,-0.128135,.jpg"
c546ccff65d3a0cab13ed12c095dac63e7da756e529e476841bb045361647f8e,3,"pano_1890,51.509424,-0.124186,.jpg;pano_1899,51.509393,-0.124150,.jpg;pano_440,51.509373,-0.124128,.jpg"
cf36549ba95855258366cf1f4d83ee855e0633d411d69c541bde8f00565e1f48,3,"pano_1922,51.509841,-0.128384,.jpg;pano_1924,51.509809,-0.128386,.jpg;pano_2325,51.509808,-0.128530,.jpg"
d806f002f8ef3bf1ff44ce833c864f672d12d05399e38973960837decca6586d,3,"pano_1586,51.506108,-0.126865,.jpg;pano_410,51.506089,-0.126945,.jpg;pano_913,51.506102,-0.126888,.jpg"
ddcd7edcdc4ae8c9fbf950bc3ffc7b659e9efc843de53779670493249955ad49,3,"pano_1631,51.507709,-0.126128,.jpg;pano_1637,51.507742,-0.126070,.jpg;pano_829,51.507729,-0.126113,.jpg"
de2a19ade73e11fae833e5dc8922c52726d203b5c83dd31aafe6a923d27f68a4,3,"pano_13,51.509323,-0.123967,.jpg;pano_1872,51.509255,-0.123980,.jpg;pano_373,51.509294,-0.124025,.jpg"
df75b51bdd61bf44773e9222734ea6402bb804b7409636ffb54cbadd5609c334,3,"pano_1412,51.505381,-0.126750,.jpg;pano_2211,51.505250,-0.127548,.jpg;pano_2223,51.505284,-0.127351,.jpg"
dfbc232087e9c1c77a1e66e4ce3fd5bac1aeeff3417385f6c0d54f8ecd19fcb3,3,"pano_192,51.509317,-0.124138,.jpg;pano_2251,51.509326,-0.124067,.jpg;pano_375,51.509342,-0.124087,.jpg"
e116c073d00024ea08b54cc233f7229d9654be3daa9658adbcba8dbb46cb6a44,3,"pano_1696,51.507643,-0.130919,.jpg;pano_363,51.507690,-0.130958,.jpg;pano_661,51.507681,-0.130994,.jpg"
e17327786c3e5922143cdfe1a61b3a5f161ca3b7ad9f8ab6ce6a5ece02098bda,3,"pano_705,51.503307,-0.132256,.jpg;pano_751,51.503411,-0.132324,.jpg;pano_754,51.503460,-0.132374,.jpg"
e6710e886bcd8e0a21d4b3fdf792235c34439bc76da1c838b54c4799a9f1e96a,3,"pano_1707,51.507495,-0.131878,.jpg;pano_1909,51.507503,-0.131853,.jpg;pano_387,51.507474,-0.131836,.jpg"
e8442704e2b358ffbd3a2fecd2d1df357d5ad8846c4264db678278cf4e76c4c5,3,"pano_2080,51.508489,-0.127418,.jpg;pano_310,51.508468,-0.127496,.jpg;pano_458,51.508474,-0.127527,.jpg"
eaf18313c1aa666036837a341f6ee9b031e7fb3bd9adfb82c60c9c4ab6837196,3,"pano_1929,51.509415,-0.127460,.jpg;pano_318,51.509439,-0.127370,.jpg;pano_9,51.509465,-0.127404,.jpg"
efc5742d39f7b516a56e84fdaf902047805b787340337edb69c169f179d43456,3,"pano_1346,51.507559,-0.127578,.jpg;pano_425,51.507569,-0.127497,.jpg;pano_426,51.507576,-0.127556,.jpg"
f1c5732b45cdd6dc71df435a193696d27a6f6cbb230b558527db7802aa81fa68,3,"pano_1077,51.505856,-0.131318,.jpg;pano_1126,51.505868,-0.131345,.jpg;pano_91,51.505872,-0.131391,.jpg"
f4c5bdec256c343f6cabbfe7604b166f05b3284d3a681e756730fa622caea2ff,3,"pano_1756,51.508048,-0.130259,.jpg;pano_1789,51.507939,-0.130174,.jpg;pano_791,51.508021,-0.130125,.jpg"
f57561143c64e3dcf90b38c354cd01a3a2552bac3391feb20b3e3074a0ad4672,3,"pano_155,51.508937,-0.130599,.jpg;pano_394,51.508949,-0.130387,.jpg;pano_954,51.508942,-0.130508,.jpg"
f593cdcdb4dd065e0f2dd0a0df3a8b6a9225b483dc7c82036b67925dd1ac602c,3,"pano_1430,51.505186,-0.131316,.jpg;pano_1438,51.505205,-0.131352,.jpg;pano_907,51.505196,-0.131324,.jpg"
f97ad6ccec66a5f7fdb0b939ef2469277305934e0a97f638a06d19a7d255426e,3,"pano_1373,51.509263,-0.132255,.jpg;pano_1863,51.509253,-0.132269,.jpg;pano_1865,51.509239,-0.132265,.jpg"
f994df2cdce8f1d0787534989468897f4d0f11e86ab826a6bdc7a0f81bdeee90,3,"pano_1616,51.506562,-0.131593,.jpg;pano_1617,51.506504,-0.131540,.jpg;pano_1618,51.506462,-0.131504,.jpg"
fb460ae6880561efdafff42b8e083720064add4f8840e7a9f4f7ccd466109aea,3,"pano_132,51.506465,-0.128217,.jpg;pano_1599,51.506523,-0.127950,.jpg;pano_1600,51.506489,-0.127967,.jpg"
fbb85c4db779ad065b6cbeccadea567f6a401c9ef75ed74ce35a8f49e1abd119,3,"pano_2185,51.505750,-0.127034,.jpg;pano_2187,51.505749,-0.127041,.jpg;pano_412,51.505801,-0.126932,.jpg"
00a95a8c8a805d864250796c8394f1808718b215f1338bf139285cd6b4eb00f1,2,"pano_1261,51.507104,-0.127763,.jpg;pano_237,51.507032,-0.127788,.jpg"
01efc69647df9b4e5d1e6aabd17004ef79821b9ad3f6a06adede3bbc7d14f93b,2,"pano_2086,51.507970,-0.127253,.jpg;pano_522,51.508015,-0.127226,.jpg"
051bc7ff5e314aa05c5b8931c29b1074591c4203861cbe0190c607a4ce62f845,2,"pano_2118,51.508298,-0.129840,.jpg;pano_2119,51.508302,-0.129824,.jpg"
0613809c6a5428660255ea20142229cd6388ba36f2894a34fc555f0f65f4ac4b,2,"pano_126,51.508896,-0.124258,.jpg;pano_1994,51.508849,-0.124204,.jpg"
06cd1c74d486780fbfc80427cc3680b042854bc21016daa63ee737834b0172cc,2,"pano_1019,51.508811,-0.129614,.jpg;pano_2130,51.508814,-0.129596,.jpg"
07659be2cd5f833a17574051e023efff164ae315c77006511d49912ffb72a3a9,2,"pano_1658,51.507518,-0.125808,.jpg;pano_918,51.507506,-0.125830,.jpg"
07e283c6d478eae87fceef0250d6539c068ab87bfbfa75bc9c2717824673af2e,2,"pano_1149,51.509518,-0.127135,.jpg;pano_1938,51.509548,-0.127132,.jpg"
08d2b701780860737aa82064bda2663684b7e532bfd50dc6df5d74e43a907427,2,"pano_2022,51.508317,-0.125133,.jpg;pano_252,51.508332,-0.125112,.jpg"
0bb618c1bb86bee611fb6076e0a7b83737f9b62008785f4e4d217950ef85a7d9,2,"pano_2287,51.509532,-0.129902,.jpg;pano_329,51.509529,-0.129887,.jpg"
1128a85c3d24a4333a1f1c0d0d1c27d02fbeb6085a5a19bd6c7785e6e6171f00,2,"pano_102,51.507058,-0.128437,.jpg;pano_1135,51.507069,-0.128383,.jpg"
12c21c24ea46eb9c1e5e02fac089a6cebe55a69e05a5c6bd8dc91e7ce1c3ba6c,2,"pano_1308,51.505785,-0.130545,.jpg;pano_1609,51.505803,-0.130505,.jpg"
1369a385ddd6314696d931e018a492e5d8b5e40d14682da460f71daf50be444d,2,"pano_1063,51.506628,-0.125077,.jpg;pano_1546,51.506618,-0.125053,.jpg"
13e64ebc1f476fc29590d315badf81a46f59a6e604e558910d7384dac5c85e08,2,"pano_1219,51.506854,-0.128224,.jpg;pano_1220,51.506881,-0.128304,.jpg"
158ace3b07f515c6724b12bacbd18ddcfd32ed5fca62c2794864d19ea8a89358,2,"pano_1917,51.509501,-0.129128,.jpg;pano_319,51.509534,-0.129134,.jpg"
1636d2b36e89913f57736328b5f38166888d1a2d6cfffe3e3b9dc94f7a59893b,2,"pano_1539,51.506581,-0.123550,.jpg;pano_1540,51.506637,-0.123588,.jpg"
16fe3a860e77f4ff2b5fab438d5f78580af2363a8a347607dfa4c2a85d6e94ff,2,"pano_1910,51.510300,-0.127009,.jpg;pano_358,51.510297,-0.126911,.jpg"
17858856a9547e9eefd5483db173e7ee03640c83efcb6f68bf1c2c8ca37968a1,2,"pano_1340,51.507373,-0.127615,.jpg;pano_997,51.507369,-0.127608,.jpg"
192b182e14ece83fcbb5be0979d563b59564ea5401190b14f4b32940e0b77bd3,2,"pano_124,51.508457,-0.124499,.jpg;pano_1682,51.508423,-0.124365,.jpg"
194848c87e25dc3d11d346e1977aec67dbf9c08cc47c21ad5681233b9680a80b,2,"pano_2273,51.505357,-0.125635,.jpg;pano_2275,51.505345,-0.125573,.jpg"
1955d4aca6bed487610932ed90ab0e4b536827bb3969b8acf4817a69aada332c,2,"pano_1418,51.504256,-0.130985,.jpg;pano_722,51.504275,-0.130979,.jpg"
19e17461012073c20c8b2887d17d159f0641b1ceb26607a07649fb4621b67676,2,"pano_1423,51.504168,-0.132708,.jpg;pano_653,51.504189,-0.132699,.jpg"
1a348f0a51ad28672c4f3b3394e3570b3b37aa546f4f299afb73a123e671b991,2,"pano_492,51.507557,-0.128277,.jpg;pano_538,51.507577,-0.128229,.jpg"
1aa1117e6bea8b88b4ad1326a27e9e85c249d2cbff05c35358b465c97e560d9e,2,"pano_2019,51.508231,-0.125232,.jpg;pano_2153,51.508238,-0.125205,.jpg"
1bb274ff946961316d0bab62fffbe083ca5afbf01e010df009ea0c1cb90ad945,2,"pano_175,51.506445,-0.123618,.jpg;pano_849,51.506439,-0.123641,.jpg"
1d4a00f044a521c22551a546b177e8d2eb64e2526e23ff40b4d3695c1a17cfef,2,"pano_1055,51.509025,-0.125847,.jpg;pano_389,51.509057,-0.125850,.jpg"
1f81594971fd9880edf54666ffec718c1d7cd5f6ece615f66ec3f9ce11adb966,2,"pano_1683,51.508616,-0.124058,.jpg;pano_1691,51.508657,-0.123921,.jpg"
20cb2740846bc93450b76962cab7e3891f8018bd36dc4db1ed311bb52ee8b366,2,"pano_1813,51.507242,-0.130923,.jpg;pano_1822,51.507295,-0.130987,.jpg"
21232a7fad1dd7843bebfc158b3c125417d7339ae9110a30f96d7dee69fc1d9f,2,"pano_2031,51.508266,-0.124823,.jpg;pano_2032,51.508276,-0.124809,.jpg"
239bb3ccf40aad07d719493c04f197f7abb2c4f3bcb9c003054a3dad0f6adafd,2,"pano_146,51.508105,-0.126056,.jpg;pano_1995,51.508140,-0.126112,.jpg"
23d79ae40530cc9539bc3e375f4cea6a675ac10035f02477cbf80c644e9075b2,2,"pano_1188,51.509077,-0.126910,.jpg;pano_1957,51.509068,-0.126954,.jpg"
2441a1c888fec0e83136bf7df7f137ac04835ca394450ef0a70431fd1ec1b773,2,"pano_1866,51.509707,-0.123456,.jpg;pano_937,51.509715,-0.123441,.jpg"
24bdc339440d113a9d2c3b7c31d21fa345550e906fd30744cd25ae5834098fe2,2,"pano_1577,51.506845,-0.123669,.jpg;pano_1592,51.506845,-0.123637,.jpg"
25e790980bcdc441b3929857df3a3bb6ccf89ad5e820f1d08a5698eccc5efe7d,2,"pano_1293,51.508143,-0.125393,.jpg;pano_807,51.508138,-0.125384,.jpg"
27391cb73480c101c7e069eef7c8341ff279ab66c4faa44e8322a72b3ef2be41,2,"pano_1017,51.508617,-0.128292,.jpg;pano_1024,51.508649,-0.128306,.jpg"
287efe305a73cb3421fb89dd2d61faa858054c0bab3f8879c9a1a0091d792db1,2,"pano_1935,51.509672,-0.127605,.jpg;pano_321,51.509670,-0.127773,.jpg"
2a6f81002e00251503ce208ada959d7a7d5d66c05cdd9c6ff1e120cd6055d6ab,2,"pano_1432,51.504797,-0.131909,.jpg;pano_906,51.504816,-0.131923,.jpg"
2a8288f6aaef0156dc8ec5f9fb0d3270c764a9e171f2fc880a0f0867c2f666b7,2,"pano_775,51.504915,-0.131058,.jpg;pano_776,51.504916,-0.131038,.jpg"
2c51b511d7b65e3ac3f5b18763655ed9f9ee6a175abfc448f43e61742aedfac1,2,"pano_1031,51.508536,-0.128524,.jpg;pano_1102,51.508575,-0.128541,.jpg"
2c94691c7974a85c1e22e7e1a7ec601168e136593381db33a3f246d65673e60e,2,"pano_1378,51.508468,-0.125706,.jpg;pano_270,51.508500,-0.125720,.jpg"
2dcf5b2e812ea8f69368d7c4a55f65c2bcd0591dc9d806c9ee5e8dded06c84ed,2,"pano_157,51.508812,-0.130603,.jpg;pano_393,51.508957,-0.130336,.jpg"
2e13f4f2f6a01c4af8b763574f0a7e2542392084d8bf6f3cc4074d0dbb82e95a,2,"pano_2064,51.508316,-0.129013,.jpg;pano_304,51.508359,-0.128976,.jpg"
30bf1ac29344822d8243614ee61590cabb82241e39632dde5e98c38beb8fbeaa,2,"pano_2098,51.508338,-0.125057,.jpg;pano_2157,51.508326,-0.125061,.jpg"
30e06c4ec82a4d0dd0f38b4c17ccc268215a7ffca22df1973dbebaf20e188537,2,"pano_2213,51.505472,-0.126938,.jpg;pano_2216,51.505467,-0.126940,.jpg"
30ee4e22b3f63554b6deb900e59c8f6ec5323bb423170fc36ef31842d1d41d1e,2,"pano_1,51.506945,-0.124915,.jpg;pano_1541,51.506881,-0.124868,.jpg"
3123dbccba5bc157ccfa9199e26906bd830337e4b563e5d0a2a245429aa0bee0,2,"pano_1290,51.508057,-0.124282,.jpg;pano_2034,51.508060,-0.124235,.jpg"
37efb09aba2a0c1a539b74cfc5762dc7a131c6ff4bac9a41a4048279aef33581,2,"pano_1952,51.509625,-0.126831,.jpg;pano_1971,51.509704,-0.126932,.jpg"
37f86bd8fc9eaa7344b31f413dcc84bcfee19c44a21acb584f3ab829ca2a691f,2,"pano_1333,51.509568,-0.128466,.jpg;pano_1921,51.509669,-0.128393,.jpg"
3960beb142ceb6edf61a98f25f8fe611befdbed6f4b91b83de4d107e1a3a6491,2,"pano_1450,51.509543,-0.126042,.jpg;pano_1880,51.509444,-0.125962,.jpg"
3ae06163244d0378f5d674aec2edfed6f87268ddad6f94350cb1984dd352b0b0,2,"pano_777,51.504947,-0.131123,.jpg;pano_92,51.504927,-0.131090,.jpg"
3ce525ab296581c9f46124892691fe9c3d83769901ab2ce27668efc06cf60fac,2,"pano_1424,51.504200,-0.132715,.jpg;pano_1433,51.504181,-0.132678,.jpg"
3e3fdfb6fc429a6b951e32be81347b3e3013023f30aa46bc2fabfa360991142c,2,"pano_1812,51.507283,-0.130801,.jpg;pano_1821,51.507340,-0.130854,.jpg"
3fd72982d6f58be0393d5f88375ffef28dbb43210801a1afc6e107b3d5db16c8,2,"pano_165,51.509782,-0.129543,.jpg;pano_332,51.509766,-0.129523,.jpg"
40171ef4572f9a782ceeebdffa356765973467baa55eda0f48a84bc1b4d81aa6,2,"pano_1064,51.506449,-0.125283,.jpg;pano_1563,51.506499,-0.125400,.jpg"
404e3a469053bf531259a25ecdffa55c9103e50de4dd79868bb9731670ea1d11,2,"pano_1254,51.506916,-0.127530,.jpg;pano_404,51.506927,-0.127445,.jpg"
4054289866fc18780e94db829b9e881ea7650cb080aadd72e9d5ba777d262a1c,2,"pano_1332,51.509313,-0.129021,.jpg;pano_316,51.509324,-0.129052,.jpg"
40eba84570fd5a9e4cc4b7883b6a6cf196b56d24ff8245383faf64783d321020,2,"pano_1370,51.507516,-0.122804,.jpg;pano_176,51.507538,-0.122843,.jpg"
419e1fb7360fda3e76904839920aabf11553be91dfcac359e6356a848b8a7ad2,2,"pano_1062,51.507248,-0.132249,.jpg;pano_1914,51.507212,-0.132212,.jpg"
44bdeff9a24fd88c9d3f47c0a171b16f37aa9a4bc4eb633e494f4efec1ecd23a,2,"pano_1550,51.506387,-0.125414,.jpg;pano_195,51.506399,-0.125423,.jpg"
4672fc176f4c231ef8cd2ef9298da298a19c5fb6dfa08c0f68edfdcec50d50e9,2,"pano_1724,51.508348,-0.131896,.jpg;pano_1959,51.508378,-0.131820,.jpg"
46ce9adb7902d1be3dc32876631bff41ac7c0128d23356a3d923f29ff02697f6,2,"pano_1085,51.506817,-0.128649,.jpg;pano_903,51.506838,-0.128666,.jpg"
4852d5982e138e6b98b6d36143d843fe330a0efe8032011b55e4d225a53ebeae,2,"pano_1397,51.507621,-0.127158,.jpg;pano_1398,51.507682,-0.127189,.jpg"
490005443f4614128baa5476edfb7de3684ae32330102c8a0a64f023161bf625,2,"pano_1390,51.507191,-0.130099,.jpg;pano_1391,51.507315,-0.130239,.jpg"
4a7d686296e5c5ce04c0ecd5a990a42641493ef79777ec3e53dc48c4fedeb5e9,2,"pano_753,51.503456,-0.132323,.jpg;pano_756,51.503497,-0.132353,.jpg"
4d11986c5dc9df4adf5b1b6036c3bb571b5d4d588368deae887877df3b1135dd,2,"pano_5,51.507548,-0.127827,.jpg;pano_676,51.507533,-0.127872,.jpg"
4e3c17f642b0cd618cb90536d41b42cbf48086fd95635d220ee968301c6a9323,2,"pano_171,51.508598,-0.124614,.jpg;pano_1996,51.508639,-0.124687,.jpg"
4eba9df20c95d83060e6bffae9d3262ba3b19a3c691769417f6b0c079f41c1a9,2,"pano_294,51.507609,-0.128174,.jpg;pano_589,51.507612,-0.128116,.jpg"
50482f053e3ae29be18928b1dff52eff56137cd5c483b5e5dc42a54a90d26fe3,2,"pano_33,51.509073,-0.124465,.jpg;pano_435,51.509027,-0.124430,.jpg"
5437b1777070d1815074596a2a57c87954bf5623d38fe7658b3878717785354d,2,"pano_1740,51.508751,-0.131044,.jpg;pano_1753,51.508789,-0.130934,.jpg"
55069e83c7958110743445e5faaaaf6ea58dd61ae7782a9623308864935a883c,2,"pano_1614,51.506328,-0.131901,.jpg;pano_61,51.506364,-0.131937,.jpg"
57f319008d52123d941eb6ad2e835d6889cac638dc3c5a3a03fa0747d1bc5e78,2,"pano_2017,51.508075,-0.124155,.jpg;pano_901,51.508067,-0.124169,.jpg"
589d302d238cc847649fcf5e80bf1136912f4597830b4209f129b4edc5ab15af,2,"pano_984,51.507307,-0.127596,.jpg;pano_986,51.507314,-0.127591,.jpg"
595d5aa4ccfccf42eefadf8afb2fbc65c04494271c3d8cdbafe3f3a01523af7b,2,"pano_1912,51.507382,-0.132213,.jpg;pano_384,51.507353,-0.132188,.jpg"
59dc7d20fa29592110f7db3fd6f58a9c44ac5ef8582e51ea10250de81614c336,2,"pano_1011,51.508842,-0.129197,.jpg;pano_1025,51.508780,-0.129538,.jpg"
5b8bcd03e4a4547fe59863305f5bfbf73f0aa3e5c0582dad5899b03c21c98960,2,"pano_212,51.507487,-0.127954,.jpg;pano_679,51.507465,-0.127981,.jpg"
5daadc44c253abaf8ee978b330eb503fd0606a98f9191dfd8d665d5aa23a7d48,2,"pano_1068,51.508650,-0.126756,.jpg;pano_1179,51.508590,-0.126759,.jpg"
5ec11c3d67cf3a5f6078210a40cdf9fe745be33b98a46116f3865180c5476ca9,2,"pano_649,51.503697,-0.131959,.jpg;pano_762,51.503682,-0.131954,.jpg"
5fae1c99253f0af9aef89bb20bf4637ee5463c2313a7a0f1a0ebc26f8c7d8691,2,"pano_1780,51.508242,-0.129164,.jpg;pano_236,51.508297,-0.129177,.jpg"
60223a884f9178a52bd70acb57157c7c296193b76212d1e540e48798361f31da,2,"pano_339,51.507868,-0.127266,.jpg;pano_517,51.507821,-0.127198,.jpg"
6170e589968f47cca6d8db64867eaaebf75cb8ce5621dc277201a373c58d25ac,2,"pano_1341,51.507356,-0.127596,.jpg;pano_995,51.507362,-0.127602,.jpg"
62010fbfcca66c206de06456d6698967716a33820aadce7dd625b2a48cc98e26,2,"pano_1123,51.507148,-0.130036,.jpg;pano_1615,51.507113,-0.130004,.jpg"
62324305342d604ba3f50807c6a32145376d09a8e7a2ac55d8b11c107056487a,2,"pano_499,51.507578,-0.128008,.jpg;pano_541,51.507598,-0.128016,.jpg"
643fc036fc82097fbbb654bfaf75cabf39c8081e25e5844cf0069e80bfff56e0,2,"pano_2283,51.505236,-0.125673,.jpg;pano_2285,51.505265,-0.125722,.jpg"
6566e3cd67d3c3d7d571db756080c0837fe5c7ce40d6a71a91ddfe7c97793641,2,"pano_1167,51.509456,-0.127189,.jpg;pano_1324,51.509449,-0.127138,.jpg"
6568d70d697265bb77fce23d7dad19a561a9a402343b93f01d31e3b676054176,2,"pano_620,51.508609,-0.126062,.jpg;pano_825,51.508526,-0.125992,.jpg"
659011e92cd0c6defb25bf955a5581b7c8b7cafb5b217dc69c5f9e76a8748ada,2,"pano_591,51.508144,-0.128788,.jpg;pano_965,51.508113,-0.128774,.jpg"
65c2fbc251aab006063bed07ec4fe191739c888ad4a6483f0b2cfa926bbecd0f,2,"pano_740,51.503303,-0.132478,.jpg;pano_747,51.503282,-0.132449,.jpg"
65d03e94d123011f89aa7cec905a4a37e1791e5ca4fec09efaba2bf573d4e75f,2,"pano_1357,51.509626,-0.124251,.jpg;pano_1878,51.509612,-0.124307,.jpg"
6648ca232b4998b2b95ab4b627b97cfbaf910a410b248d031d2fef5c14227141,2,"pano_1915,51.507253,-0.132097,.jpg;pano_288,51.507285,-0.132127,.jpg"
66da1e96acf30ff4afce8f767bad9244ab807b30590dbcdd7b1f4081f3e1b54a,2,"pano_2320,51.509401,-0.130207,.jpg;pano_2322,51.509427,-0.130217,.jpg"
6b60cf3cfad4a7806d67548d467d3079c03c4e4b61011648f7543e7f46b63f69,2,"pano_1365,51.505393,-0.131100,.jpg;pano_1368,51.505371,-0.131161,.jpg"
6b7b69485c2be0b36af57e286912a65fdda79924c2cdb8b501e58793bc79a1ba,2,"pano_1525,51.505195,-0.124781,.jpg;pano_284,51.505154,-0.124707,.jpg"
6b9e075f832039ad6da5a02579e71d523e12b978cee32aa9e4b551a81539d677,2,"pano_737,51.504501,-0.131053,.jpg;pano_769,51.504507,-0.130986,.jpg"
6d825fea0d43bc6d4027ee5edc8d4db56ee506865a5d7885642964afe288b05b,2,"pano_416,51.507804,-0.127012,.jpg;pano_421,51.507766,-0.127106,.jpg"
6f13c9a4d69d5cfdb63e3142360bd8a49bb2809e649afb676cf8336e33348bfc,2,"pano_1477,51.508612,-0.127407,.jpg;pano_2067,51.508612,-0.127445,.jpg"
6f7438fb45200b53438bdbb58856dbe17f418137dc9343a921d7864bb354982d,2,"pano_2002,51.508660,-0.124924,.jpg;pano_264,51.508663,-0.124728,.jpg"
7009099bf35ef29b1de95673db0f302c792f02e0872bbffbfd1be5ffb9786284,2,"pano_1142,51.505656,-0.130829,.jpg;pano_797,51.505720,-0.130898,.jpg"
70bc1c6ec9cbef6c903ace1a43b7610e670ba610abc3b087d55cc15d24c99257,2,"pano_2001,51.508647,-0.124943,.jpg;pano_2156,51.508553,-0.124891,.jpg"
72775317eae672a4bca5fa09ac527b1d9387a55cd4bfea2a75a06b84ac405c74,2,"pano_1722,51.508383,-0.131750,.jpg;pano_1725,51.508392,-0.131766,.jpg"
74b86e61db67251ede0efa088e4a56ac5cea1512e85923bb33170a8915b23818,2,"pano_1597,51.506152,-0.126565,.jpg;pano_51,51.506118,-0.126512,.jpg"
74e76ae7116c75149a07a12864e6b6bf98190856ada7c2ff56b3b169a8866ea2,2,"pano_2337,51.505699,-0.126347,.jpg;pano_2338,51.505688,-0.126306,.jpg"
760a4460aaec9346b7cfb39b4bfccf034be0138ea613afd9ba911b1742f21d2b,2,"pano_1547,51.506552,-0.125107,.jpg;pano_646,51.506509,-0.125175,.jpg"
7795a2c329b6c0a46fc5267ef8c743b2956ddd7664522707e8786a6b48870a8c,2,"pano_2186,51.506003,-0.127130,.jpg;pano_267,51.506069,-0.127191,.jpg"
78e260e2033773deb426880e4a4e61f0de128cde560914369794d15145b3fa04,2,"pano_194,51.507604,-0.128428,.jpg;pano_2058,51.507649,-0.128432,.jpg"
79b8ad1a5b2629a7d7308f9333db78d2100e5d22f4c6e7487fc91f20790e8964,2,"pano_246,51.507876,-0.124349,.jpg;pano_251,51.507883,-0.124362,.jpg"
7aabaa07d846e6387f1a86bf52534057cec7a833fb44f5ec888cfba88a41d5d2,2,"pano_648,51.503665,-0.131949,.jpg;pano_711,51.503579,-0.131791,.jpg"
7bb404330c8438ed080f623c4471783a10270029befbc4e1db8009f6d6c6824c,2,"pano_1520,51.504950,-0.126282,.jpg;pano_1521,51.504935,-0.126222,.jpg"
7c9aa3facd5b1c77ebba94ff5bd0178a8f7d4ddda3b21eeca4456505c709fa1f,2,"pano_422,51.507793,-0.127166,.jpg;pano_511,51.507808,-0.127208,.jpg"
7dbc89164c81a4a7f1b1df3a5956e52df55b355d4220a74e80272b928b7ceeab,2,"pano_1518,51.505563,-0.126576,.jpg;pano_361,51.505502,-0.126655,.jpg"
7f80ed1dd2e126a602a36e21e22e6462f96447ff555d35857711bdec56b8280e,2,"pano_496,51.507563,-0.128106,.jpg;pano_539,51.507582,-0.128115,.jpg"
7fc76f55870d606fb232897662c075bce0622b6001b11be7f2f5a8fef9a6005e,2,"pano_1079,51.505751,-0.131397,.jpg;pano_174,51.505803,-0.131253,.jpg"
807eeab7aa57a4350d7e880cc42375a76f327c64898ebea44e4fe5239489d1f6,2,"pano_1523,51.505049,-0.124885,.jpg;pano_1524,51.505070,-0.124859,.jpg"
809f64f3f581393e8459cd70c0cd19d494c2af6b96b949c16253a4865a40a4b8,2,"pano_2249,51.509514,-0.129921,.jpg;pano_2297,51.509518,-0.129966,.jpg"
819a4ef7b6673d3d5d619ecdeceaa6a4101d3f3bf3d8965d23414dac25a65276,2,"pano_741,51.503337,-0.132428,.jpg;pano_742,51.503354,-0.132410,.jpg"
81f9a43133c454f2c9e5ffab2885923dd2e7d9f53091c2a42f63b494b0c4a532,2,"pano_172,51.507647,-0.124620,.jpg;pano_43,51.507668,-0.124591,.jpg"
820b41119a3f2e3a1fdd13d6105e6e9e7a8a5c64c395aa23bc952dc4bfaa94cb,2,"pano_2252,51.508759,-0.124990,.jpg;pano_390,51.508808,-0.124974,.jpg"
83312c43e3483009efe9ebbac6146260b3ad9d9657a3f1a6297c2dd225cb8e66,2,"pano_1937,51.510183,-0.128143,.jpg;pano_2288,51.510177,-0.128138,.jpg"
8333ae56121b8261e1fb8f63ed293606686eb57fb15659e647d74ae18d44207a,2,"pano_706,51.503368,-0.132091,.jpg;pano_758,51.503530,-0.132320,.jpg"
84493b21f75baba568558d37b4850bf07aaaedeb391782984a9e3f64de614fb8,2,"pano_164,51.509532,-0.129505,.jpg;pano_1840,51.509562,-0.129505,.jpg"
855cec31b27fec72e417624d33e4824c101d21cb568980f8f33dca7551b600fa,2,"pano_1059,51.509722,-0.129988,.jpg;pano_163,51.509715,-0.130030,.jpg"
86ace3c375d511c3dbe690c696f4763946aa02b8b89bba74dfbb6297249b5a36,2,"pano_1385,51.506774,-0.128930,.jpg;pano_886,51.506784,-0.128992,.jpg"
86ecef1b5c6c14e107c6af7350ec01f5ce82265f04d696711afd97571901a6b2,2,"pano_1663,51.508522,-0.126218,.jpg;pano_219,51.508598,-0.126228,.jpg"
873da0ee8f9d8aee5b99ba002d10e74caa8d78642dd0196ed0612f40c278a67e,2,"pano_1630,51.507308,-0.125451,.jpg;pano_931,51.507298,-0.125396,.jpg"
87a439eac4342511fa2780abf894556b9f9860b68e482aefb1d9b31f9074859f,2,"pano_116,51.508244,-0.128527,.jpg;pano_805,51.508229,-0.128520,.jpg"
89ec9ef102125297f06abc8a8ea2bfe3fbc0ecdee2ea4255cbdcc2e86e31ed6c,2,"pano_1849,51.509161,-0.130400,.jpg;pano_1850,51.509178,-0.130429,.jpg"
8ab49cd93930acebe4a08a8158332264af2dc608e93ab24cdec403a2673a9cd5,2,"pano_1003,51.507690,-0.123147,.jpg;pano_1067,51.507687,-0.123140,.jpg"
8ad7bb0c94e18796f51ae7b4931d5af079744f94e57d20dde2992acf3b94812b,2,"pano_916,51.507428,-0.125700,.jpg;pano_917,51.507454,-0.125659,.jpg"
8f7de648f6884a3661abe50af7cace7e0f25d2ca7008950c60f2794f0da397d8,2,"pano_1620,51.507132,-0.125278,.jpg;pano_1633,51.507173,-0.125270,.jpg"
904c4a5ea021ade2dfe8129d42beed4e1f7c76a31908348b2f506b60f02e40f6,2,"pano_884,51.506766,-0.128825,.jpg;pano_885,51.506761,-0.128883,.jpg"
911a774fbf553e5805f7ab1752857ca7669c79c79e732e465953630d9c4572c3,2,"pano_1316,51.509179,-0.127165,.jpg;pano_182,51.509215,-0.127272,.jpg"
92112e9cac8e3226161c85a5987118c36e3fb6c9a31c95d83a7de36498e0f8da,2,"pano_1634,51.507215,-0.125267,.jpg;pano_930,51.507247,-0.125275,.jpg"
92a550b13d252d4e35ed70295645c5068f6ca77e685aee224b70e550162a4fc5,2,"pano_566,51.507128,-0.127986,.jpg;pano_567,51.507144,-0.128016,.jpg"
92ebe3be9f7ec6e4f88abe4dd76bb8c46529646a52afe06481055e2379b8fb04,2,"pano_2109,51.508724,-0.129848,.jpg;pano_2329,51.508851,-0.130004,.jpg"
958795064ff6f5de1088341b0ed262ba74c1ed629aff3f32439a1afd809b37c9,2,"pano_1240,51.506315,-0.127272,.jpg;pano_1248,51.506320,-0.127243,.jpg"
9771cedeac76be0051a416c0a20b8f06799e0c2c5b1e9969790487a800c60227,2,"pano_596,51.508228,-0.128776,.jpg;pano_598,51.508240,-0.128714,.jpg"
997014740c93be4d874f22dd1b31c95829e305a1d5dfdfda392d73e817c1a6da,2,"pano_2212,51.505466,-0.126943,.jpg;pano_2215,51.505469,-0.126938,.jpg"
99f2da2f44fd07bd7a0de93729063d5764214aaf03f7308704b0404e2582abd7,2,"pano_295,51.507667,-0.127736,.jpg;pano_503,51.507632,-0.127685,.jpg"
9ad8246b57ed4028098cb03fef2da58458af79dc17990116ef77f8794f5cf524,2,"pano_694,51.504173,-0.130758,.jpg;pano_695,51.504177,-0.130748,.jpg"
9b98c67ca9eb171668736535d25808ce23422e3d889d617a5391ca4f94436e2d,2,"pano_233,51.507556,-0.127452,.jpg;pano_243,51.507540,-0.127405,.jpg"
9bde4f3307876bf808079527d891d460cd7f0c8fc23c7e09c58d7ec91661ea79,2,"pano_1000,51.507378,-0.127673,.jpg;pano_1354,51.507470,-0.127705,.jpg"
9da6f687d7c514317e030e1e8000f54f51f55d2bc2349d56ee489db106f91c66,2,"pano_1195,51.509556,-0.125406,.jpg;pano_1196,51.509579,-0.125407,.jpg"
9edd7c376272fe2fc22727b7bd9232c3b3b5295312c03df8e7ca28fbcb9927cd,2,"pano_1322,51.509042,-0.127145,.jpg;pano_388,51.509039,-0.127239,.jpg"
9f5ff6a2ef27751fd62816d0848be08d6c599f797b12d5c27c3aad30169cd451,2,"pano_154,51.508364,-0.125172,.jpg;pano_2150,51.508467,-0.125142,.jpg"
a17ea0d1a37ad257c75452939b0bc100eef6cd1f4c83be690897ffb4671b822b,2,"pano_302,51.508268,-0.128803,.jpg;pano_599,51.508275,-0.128774,.jpg"
a25a676a0a48406b07b5d035d7c87b5a0b131ec45a1037ed03b9a3fca03137ef,2,"pano_2259,51.509856,-0.130126,.jpg;pano_2260,51.509845,-0.130143,.jpg"
a42904b0fb1de07b2998a3e2e57ced546dd16be58019672c168d14016bb94e80,2,"pano_1490,51.507727,-0.128886,.jpg;pano_2082,51.507679,-0.128920,.jpg"
a5bc1f6ff7f2eb2565d8f8c395dd58fc630eef38397d94bde5e175bff7f06e11,2,"pano_1095,51.509077,-0.126744,.jpg;pano_2341,51.509036,-0.126733,.jpg"
a76cb477589ba8246a3ff147b52e784517e126f2e90e50628329a6a6d8958020,2,"pano_1366,51.505433,-0.131140,.jpg;pano_1367,51.505418,-0.131209,.jpg"
a91e5eb0dd22996b376430adcab1dfddc6cf09e7c32c0c14ee47f269ba4f8f63,2,"pano_427,51.506729,-0.128501,.jpg;pano_864,51.506745,-0.128395,.jpg"
a988e08770cb9a4e9910b3e4a8f811c65819f53304f26873773f0aa4afe1607b,2,"pano_1358,51.509670,-0.125775,.jpg;pano_1875,51.509660,-0.125735,.jpg"
aa20dd245e5f81b425a7b616da92761a7953a8926d0d14b98430230258ad27db,2,"pano_461,51.508465,-0.127326,.jpg;pano_474,51.508470,-0.127267,.jpg"
ac5ff6b42367e9f5fec57646b83aae10637980414143fc8dbf26f5a8a81dd56f,2,"pano_1309,51.505724,-0.130685,.jpg;pano_1612,51.505705,-0.130726,.jpg"
afaa5f30287e39cbdbdcd665fbfcd7d09cbe22d875db6377e7ab3c75e8024c06,2,"pano_1594,51.506661,-0.127191,.jpg;pano_911,51.506649,-0.127187,.jpg"
b02d8321ff04c24824ac2e5f0a7de89b20c5c4c64583bf8b3e55890930e56ecd,2,"pano_1571,51.506927,-0.125118,.jpg;pano_429,51.506986,-0.125166,.jpg"
b042022724f7bcb2052c537236eefdfbfb34aa699e93f86aafafb9417bcc7508,2,"pano_2149,51.508449,-0.125334,.jpg;pano_644,51.508543,-0.125452,.jpg"
b0e94285139d648439985fb17101a0e1c152f58ba8ba1574a03c8abd3f0252df,2,"pano_814,51.507093,-0.128119,.jpg;pano_877,51.507128,-0.128203,.jpg"
b19caf104bcb396d1c711ad5c5ec6ec953f8c2f043496dad50717406ae85c516,2,"pano_507,51.507722,-0.127371,.jpg;pano_550,51.507738,-0.127384,.jpg"
b57973cb698b05829facfe5ca50f88c119c74f52b1c22ddb9afad4e963e71378,2,"pano_1487,51.507872,-0.128969,.jpg;pano_515,51.507891,-0.128804,.jpg"
b983ba2a5e314d2cf8f20ce0d41a74a4472d0d1258766b36b8ddc0ce389827de,2,"pano_1881,51.509108,-0.125948,.jpg;pano_60,51.509146,-0.125878,.jpg"
b9e7ad3e1c2374a4da0cbc3f243b9b7f581d5e87b622e9d57cb21f90b1746795,2,"pano_1001,51.507379,-0.127639,.jpg;pano_2235,51.507451,-0.127629,.jpg"
bdfae4011c137ddb40dfdf9e3ef3e6cae58b2a49160fe004916b33c2a186d239,2,"pano_2299,51.509716,-0.129947,.jpg;pano_330,51.509715,-0.129958,.jpg"
bef1e7b1b156f3c33d57ba556f01a2bea812a7f552eac7ea000c920f6b6227f2,2,"pano_1178,51.508571,-0.126921,.jpg;pano_2333,51.508522,-0.126942,.jpg"
c0d965f384fde0b35a0f041c825d9db755141236ab1c1edae5dc8158d18f5362,2,"pano_1285,51.508766,-0.127116,.jpg;pano_637,51.508766,-0.127093,.jpg"
c58963543b172ca5308e64baae5ee8a0d3b6889db2c802f5e93eff09b6bf0167,2,"pano_546,51.507649,-0.127684,.jpg;pano_590,51.507685,-0.127647,.jpg"
c8a2cee2938c4615ed6e5df6c743b975129fed08b2683100ca146a0fa2ff5d98,2,"pano_1287,51.505684,-0.131252,.jpg;pano_74,51.505719,-0.131169,.jpg"
c9bb030fe39e2901641d4b5e26139d1963c5eb5e2c584480566df7a9254de92e,2,"pano_1728,51.508280,-0.130672,.jpg;pano_1737,51.508357,-0.130741,.jpg"
ca2cfd80ce9aaee29afe650d32e718944573a4afcbd25ee858e69c5289b6c3a1,2,"pano_1579,51.505599,-0.126550,.jpg;pano_1584,51.505611,-0.126556,.jpg"
cb337b2507e501ddd44bd7c61880e727b42127f224abedeadfa4f0570ffb8db1,2,"pano_1434,51.504694,-0.132088,.jpg;pano_1435,51.504688,-0.132063,.jpg"
cc4cd3b6bd54b4295a0fee00df72b76f2c7c6a1f939aa2887bd9911f0cd8d864,2,"pano_1422,51.506248,-0.124130,.jpg;pano_2258,51.506225,-0.124175,.jpg"
cd52bc67afde609db5788d1baaa2b1bb5798af941222870b08c2f634f65f19bd,2,"pano_1931,51.508852,-0.127313,.jpg;pano_368,51.508850,-0.127224,.jpg"
cfa4849ac4d502cf24d9f9b5afa9bed0b453f1cbbb2931354ba3f9a36a3e7aa9,2,"pano_348,51.509541,-0.127235,.jpg;pano_376,51.509478,-0.127226,.jpg"
d23452215447cee3c1bc98aebe191ad8560b723f6abc5c3b970fbc7f19bc9834,2,"pano_1307,51.509425,-0.130381,.jpg;pano_2321,51.509379,-0.130293,.jpg"
d2de93c240795ec9b9ab659fc4ff0c364eecec523a7939d140c8d172c3641636,2,"pano_2326,51.506160,-0.126543,.jpg;pano_52,51.506243,-0.126607,.jpg"
d3e2e08b5244dcd9d7d4f3e430f0989eae179e4a9667e69c828a3a0b485e93a0,2,"pano_2059,51.507763,-0.127493,.jpg;pano_366,51.507745,-0.127434,.jpg"
d43cf658264ee1448501b8f4bd00de096d456f498d4dba576e0c109d6795608e,2,"pano_1664,51.508535,-0.126166,.jpg;pano_1665,51.508526,-0.126189,.jpg"
d5187e3d5eb842bef60959cbee0b72cfccdada1fdb46dcb3b8759410855c65f8,2,"pano_773,51.504843,-0.131045,.jpg;pano_774,51.504844,-0.131030,.jpg"
d593f9a37156bd6712b246f0f7d576f8a4012393fdda802fc67a9ff3df4ac8a3,2,"pano_1286,51.507124,-0.128089,.jpg;pano_569,51.507185,-0.128143,.jpg"
d64dd2ad6eabacc4e08b556096f342c64b7bc0be8ced7a9c85c621dadd380efa,2,"pano_149,51.507049,-0.124046,.jpg;pano_1576,51.507039,-0.124100,.jpg"
dd77c6971dac1cfaa5d416b72f9120f984e4d113cbc084c6d9f6bb614b49ae13,2,"pano_1642,51.507854,-0.125493,.jpg;pano_2131,51.507784,-0.125515,.jpg"
de09d94509f1953c1367f579eaec0e14955fa5fab011db77d062801f9c48cb6a,2,"pano_1120,51.507455,-0.130233,.jpg;pano_63,51.507438,-0.130306,.jpg"
e192d04705e8519d3bab3b0cf87b988fa0966fdc677da0196359f920bdbcdb3a,2,"pano_1394,51.507244,-0.131057,.jpg;pano_64,51.507193,-0.131215,.jpg"
e2f9f9cf59e55125fce3ade50dcda2faf53397980d3d02f265629bb85db877cc,2,"pano_1409,51.507986,-0.127292,.jpg;pano_2085,51.507959,-0.127326,.jpg"
e5088780d94951b66ad9aea8a26217f9f1bfb329c5d0042d6f2743a061d160ef,2,"pano_168,51.503867,-0.131564,.jpg;pano_714,51.503830,-0.131484,.jpg"
e5513ed2c902933e2d6903dcabd71460e244f7e562f5ecf627487ad50afca522,2,"pano_1310,51.506046,-0.129971,.jpg;pano_379,51.505992,-0.129921,.jpg"
e689f3a348d16b9f5480f1c2abc949b9244c52b5de8ce979a6e8accc4cc771d6,2,"pano_2182,51.506002,-0.127134,.jpg;pano_413,51.505978,-0.127022,.jpg"
e6cea5d30bd02e4211ea59d61eba5c0d0aa8db7a0185fdcdee51cd57959cb8b4,2,"pano_137,51.509036,-0.126802,.jpg;pano_2342,51.509036,-0.126919,.jpg"
e74b41df6fcbfd6bc1856b946a6d39e7c0e23c3e03ce1c77e819a9272931b470,2,"pano_896,51.507693,-0.123256,.jpg;pano_956,51.507707,-0.123176,.jpg"
eccd7f76dec9d9d09168d16ee0574d44937ab19e6124caa0657ca61cf67a3864,2,"pano_1497,51.507111,-0.129111,.jpg;pano_86,51.507144,-0.129089,.jpg"
ed6ea253518e8195e6a3327ae65f880c8ead541e0ee52fadfb2a343eda0d522e,2,"pano_250,51.507876,-0.124755,.jpg;pano_839,51.507759,-0.124849,.jpg"
ee9c2089ba10413549d3c252fe5bf41b7272f95256b6d1649fdad291f193f905,2,"pano_749,51.503390,-0.132251,.jpg;pano_755,51.503489,-0.132302,.jpg"
f0b551d7bccce9aba81a838abfabdc8e0b1d79f8b5fcd47ff318061d1c0f9911,2,"pano_1720,51.507985,-0.130438,.jpg;pano_1797,51.507948,-0.130536,.jpg"
f16048d9a67d703fde4a87c21590aa5857158c436cca4c4c9172cd16d8c499d3,2,"pano_1103,51.509527,-0.129572,.jpg;pano_2324,51.509558,-0.129589,.jpg"
f55d9554ccf6ae6117f6e5b46dc020dc0c02d735b497bfa500da9e67e342a27b,2,"pano_959,51.508049,-0.123977,.jpg;pano_961,51.508036,-0.123995,.jpg"
f62f65b841a64852714c6894e62d08190fb4ffcd7b6f3c2d503336b731cf1e1d,2,"pano_2024,51.508048,-0.125047,.jpg;pano_2026,51.508032,-0.125070,.jpg"
f690e223afb5dac964e6259b4cc17ce82246bcad36d5fc5af401676adee4baf0,2,"pano_285,51.505774,-0.124453,.jpg;pano_845,51.505768,-0.124426,.jpg"
f8c22d0fe56a9d052ef9686ae1a61d863a4359ad7a745791a1c2dc31a7225f42,2,"pano_232,51.506711,-0.126648,.jpg;pano_49,51.506726,-0.126731,.jpg"
fa944f047cab21082676d62723c225fdccb1e86dc4fd4f00add3db35759bc67c,2,"pano_675,51.507517,-0.127909,.jpg;pano_678,51.507502,-0.127933,.jpg"
fb265bb1795b4cb724fd87d87a3ae6489c3ba74f4f2fc43addf09a30a9de27dd,2,"pano_1250,51.506538,-0.127348,.jpg;pano_832,51.506483,-0.127231,.jpg"
